Source,Target,Effect,SE,|Effect|/SE,P_empirical,p.adjusted
D11MIT30,pQCT.fem.dens,0.818047357437425,0.0848286086753309,9.64353147142118,0,0
D1Mit540,pQCT.fem.dens,1.02293218662581,0.107963592514909,9.47478833185871,0,0
D11MIT30,cort.thick,0.71644497161982,0.0757567978702062,9.457170732682,0,0
D1Mit14,pQCT.fem.dens,0.784067077169849,0.0832863769135057,9.41410956060816,0,0
sex,endo.c,0.747371442338335,0.0798645052907287,9.35799251016078,0,0
D11MIT30,BV.TV,0.773716732494603,0.0831566614588075,9.30432654367529,0,0
D1Mit540,cort.thick,0.689827391575191,0.0744342290729137,9.26760981025886,0,0
D1Mit14,cort.thick,0.689714044561928,0.074445595984175,9.26467221390156,0,0
D1Mit540,BV.TV,0.747794621957989,0.0816880806638883,9.15426847932498,0,0
D1Mit14,BV.TV,0.746291119560413,0.0817517353098395,9.12874958228062,0,0
D11MIT30,Tb.N,0.321854678144906,0.0377826819160258,8.51857681411411,0,0
D1Mit540,Tb.N,0.315264345951542,0.0370894938468415,8.5000983635259,0,0
D11MIT30,C.Th,0.637061569157144,0.0751778447692997,8.47406002542521,0,0
D1Mit540,C.Th,0.624422342069177,0.0737963242013013,8.46142878832123,0,0
D1Mit14,Tb.N,0.405701445628088,0.0479971544110046,8.45261454781308,0,0
D1Mit14,C.Th,0.804621755102244,0.0955028981762407,8.42510301223946,0,0
D1Mit386,pQCT.fem.dens,0.911527645178801,0.108377335350732,8.41068515136402,0,0
D4Mit15,Tb.Th,0.578677844581308,0.0689574253333592,8.39181338026789,0,0
D4Mit15,ROI.L2.4.BMD,0.365729099288848,0.0437141090992729,8.36638574649419,0,0
D4Mit15,BV.TV.TRABECULAR,0.499429596155495,0.0602780769705008,8.28542682939119,0,0
D4Mit15,BMD.g.cm2,0.841175760401935,0.102262094311599,8.22568485482823,0,0
D1Mit14,Final.IGF.1,0.37838360418272,0.0460616397878035,8.21472283500665,0,0
D1Mit540,Final.IGF.1,0.290862745704574,0.0355828998613079,8.17422826240341,0,0
D4Mit15,BV.CORTICAL,0.887168060008183,0.108825205773082,8.15222956580547,0,0
D11MIT30,Final.IGF.1,0.295373867540224,0.036256505042094,8.14678268623226,0,0
D1Mit386,cort.thick,0.778953247913105,0.0967475329789339,8.05140166295214,0,0
D4Mit15,Final.IGF.1,0.37070660572314,0.0466812475251484,7.94123176599833,0,0
D4Mit170,Tb.Th,0.556551939422786,0.0706983873610862,7.87220133579912,0,0
D4Mit170,ROI.L2.4.BMD,0.351403447799845,0.0448080967446449,7.84240959401701,0,0
D1Mit386,BV.TV,0.832003361785807,0.10617714173097,7.83599321117466,0,0
sex,pQCT.fem.dens,-0.603581987466438,0.0772603547329759,7.81231188431005,0,0
D4Mit15,C.Th,0.578603518851113,0.0743181033366777,7.78549899517631,0,0
D4Mit170,BMD.g.cm2,0.815774257862785,0.104967240000065,7.77170341777376,0,0
D4Mit15,Tb.N,0.290210398517922,0.0373734671626518,7.76514518320997,0,0
D4Mit170,BV.TV.TRABECULAR,0.478901087787077,0.0617568599758862,7.75462172095651,0,0
D4Mit170,BV.CORTICAL,0.86136691279548,0.111710000687737,7.71074127197668,0,0
D11Mit188,pQCT.fem.dens,0.812843771686994,0.106187236678509,7.65481612585842,0,0
sex,TV,0.641978248245588,0.0842933487221309,7.61600123826898,0,0
D1Mit14,BV.TV.TRABECULAR,0.455093656887744,0.0600460816056348,7.57907335030897,0,0
D17MIT175,endo.c,-0.885258527603007,0.117069606628175,7.56181346380262,0,0
D11Mit213,pQCT.fem.dens,0.640310290525789,0.084876409598312,7.54403129863924,0,0
sex,peri.c,0.603653000983854,0.0802747323589786,7.51983822611072,0,0
D17Mit39,endo.c,-0.778057180576831,0.104115338215215,7.47303129312724,0,0
D17Mit76,endo.c,-0.784882146139118,0.10568059077521,7.42692807053491,0,0
D17Mit20,endo.c,-0.78578187998416,0.106097767088581,7.40620563039852,0,0
D4Mit170,Final.IGF.1,0.353688740628651,0.0477638438852184,7.40494717047067,0,0
D4Mit15,pctFat,0.482868493797552,0.0652571735940173,7.39946993110074,0,0
D11Mit188,cort.thick,0.701437855652637,0.0949331624594444,7.38875475629807,0,0
D1Mit540,BV.TV.TRABECULAR,0.341136178163803,0.0463594276339587,7.35850711655287,0,0
D4Mit15,Femur.Length,0.684739911977733,0.0933174090014821,7.33775100814102,0,0
D4Mit15,body.weight,0.641699112513399,0.0884064308883107,7.25851169497044,0,0
D1Mit14,ROI.L2.4.BMD,0.317139695569685,0.043696517024275,7.25777973089943,0,0
D11MIT30,BV.TV.TRABECULAR,0.342081468335256,0.047257853791354,7.23861624875231,0,0
D11Mit188,BV.TV,0.752534589765942,0.104259103993718,7.2179268854189,0,0
D4Mit15,STIFFNESS,0.738127453191441,0.102388356392529,7.20909563546133,0,0
D4Mit170,C.Th,0.715725287799065,0.0994082726828346,7.199856395077,0,0
D1Mit540,endo.c,-0.815091724726114,0.113238751779426,7.19799284183034,0,0
D4Mit170,Tb.N,0.358281525910658,0.0499878656166681,7.16736995050237,0,0
D11Mit213,cort.thick,0.541544639580578,0.0758741063007633,7.1374104550755,0,0
D4Mit15,BV.TV,0.593774779933904,0.0834003310788039,7.11957341479681,0,0
D1Mit14,Tb.Th,0.49147642515104,0.0690985904093624,7.11268380786605,0,0
D1Mit14,endo.c,-0.798461060472119,0.112661583527509,7.08725224226193,0,0
D17MIT175,TV,-0.636989353687612,0.0906464664900023,7.02718350039456,0,0
D13Mit88,endo.c,-0.815040341564745,0.116410625274483,7.00142568294753,0,0
D17MIT175,peri.c,-0.601314780142171,0.08632327010016,6.96584802040599,0,0
D1Mit540,ROI.L2.4.BMD,0.234855188326261,0.0337295856480808,6.96288388409609,0,0
sex,cort.thick,-0.477048309251573,0.0688866567897393,6.92511919554542,0,0
D11Mit213,BV.TV,0.575675273437659,0.0833242067419968,6.90885993334646,0,0
D1Mit386,Tb.N,0.332410429684862,0.0482103938763674,6.89499510286741,0,0
D4Mit15,cort.thick,0.522881814844848,0.0762835299691879,6.85445226585671,0,0
D1Mit386,C.Th,0.656631605323527,0.0959235550010194,6.84536353262292,0,0
D17Mit20,TV,-0.771971244964286,0.112891006840631,6.83819966327417,0,0
sex,STIFFNESS,0.520625070915681,0.0762556475535783,6.8273641050636,0,0
D11MIT30,ROI.L2.4.BMD,0.234034127319785,0.034388688915714,6.8055553933271,0,0
D1Mit17,pQCT.fem.dens,0.595889180310987,0.0877605690095351,6.78994207804469,0,0
D17Mit20,peri.c,-0.729377715493536,0.107491541098256,6.78544291058983,0,0
D1Mit540,Tb.Th,0.360161133091718,0.0532843351580251,6.75923105775065,0,0
sex,body.weight,0.444910859132549,0.0658717040404321,6.75420297096705,0,0
D17Mit39,TV,-0.842989140872137,0.126573516975128,6.66007519596524,0,0
D1Mit386,endo.c,-0.593052625549373,0.0892025297843031,6.64838348176233,0,0
D17Mit164,TV,-0.783296352442101,0.11798320083063,6.63904985563631,0,0
D4Mit170,pctFat,0.460737959230389,0.0694909889270857,6.63018279555389,0,0
sex,Femur.Length,0.461288643049273,0.0695801703313237,6.62959922134035,0,0
D17Mit164,peri.c,-0.743591402477285,0.112313747017532,6.62066240529941,0,0
D17Mit39,peri.c,-0.79700451112917,0.120562414683232,6.61072120381163,0,0
D4Mit15,peri.c,0.716265916955,0.108381107759886,6.60877095426866,0,0
D17MIT175,STIFFNESS,-0.688059252527482,0.10426296228879,6.59926821014043,0,0
D11MIT30,Tb.Th,0.35770448067531,0.054329366922018,6.58399869059293,0,0
D17MIT175,body.weight,-0.591870836644779,0.0900568038556008,6.57219456282058,0,0
D4Mit111,Tb.Th,0.46302086691327,0.0705566992912112,6.56239409672818,0,0
D4Mit111,ROI.L2.4.BMD,0.293104313037774,0.0447094060220692,6.55576396817022,0,0
D4Mit170,Femur.Length,0.650541266745917,0.0993510931674857,6.5479024538687,0,0
D1Mit17,cort.thick,0.511566335014395,0.0783188146962683,6.53184470421728,0,0
sex,pctFat,0.317689444660076,0.0486841932901296,6.5255152276393,0,0
D17MIT175,Femur.Length,-0.620552291394673,0.0951127912988036,6.52438313417975,0,0
D4Mit111,BV.TV.TRABECULAR,0.401586685746999,0.0615934475665939,6.51995791131532,0,0
D4Mit15,TV,0.740590466512413,0.113919870587659,6.50097707004105,0,0
sex,BV.TV,-0.490630334216873,0.0755575212993999,6.49346783456182,0,0
D1Mit386,Final.IGF.1,0.300042560232458,0.046252692290161,6.48702908687295,0,0
D17MIT175,pctFat,-0.431381688360775,0.0665414188044212,6.48290487506275,0,0
D11Mit188,Tb.N,0.323353354374792,0.0499307820071893,6.47603224656553,0,0
D4Mit170,BV.TV,0.743342046594251,0.11482251978115,6.47383499344075,0,0
D13Mit88,pQCT.fem.dens,0.703583547939768,0.108681793570087,6.47379404431744,0,0
D11Mit188,C.Th,0.64057897265711,0.0993792847727812,6.44579978736732,0,0
D4Mit170,body.weight,0.606355153154687,0.0940971938002625,6.44392386920465,0,0
D17Mit76,TV,-0.8010886933857,0.124588320940576,6.42988594226093,0,0
D17Mit164,STIFFNESS,-0.684030163448087,0.106455974919626,6.42547460548391,0,0
D17Mit164,body.weight,-0.588425785616702,0.0919432732947435,6.3998785830735,0,0
D1Mit17,BV.TV,0.639319252756149,0.100084225397325,6.38781236721484,0,0
D4Mit170,STIFFNESS,0.695159342150204,0.108960663485245,6.37991106069523,0,0
D17Mit20,STIFFNESS,-0.650194820360557,0.102018137258664,6.37332574218651,0,0
D17Mit164,Femur.Length,-0.616977025639275,0.0970921859558787,6.35454871640902,0,0
D17Mit76,peri.c,-0.753858717962353,0.118664400468333,6.35286332705593,0,0
D11MIT30,endo.c,-0.736297344970023,0.116109833537547,6.34138662107309,0,0
D17Mit20,body.weight,-0.619078535479163,0.0977997721752387,6.33006112089803,0,0
D4Mit111,BMD.g.cm2,0.663733618402905,0.10487024856436,6.32909359412422,0,0
D4Mit111,Final.IGF.1,0.300536259225581,0.0475796431381754,6.31648830052799,0,0
D17Mit164,pctFat,-0.428917428140408,0.0679192255401856,6.31511070288384,0,0
D17Mit20,Femur.Length,-0.649914081588137,0.103292017989595,6.29200681947759,0,0
D8MIT75,pQCT.fem.dens,0.513200385205625,0.0816308061063374,6.28684695992219,0,0
D4Mit170,cort.thick,0.659690216744247,0.104940268961751,6.28634006059858,0,0
D9Mit90,TV,-0.747226753834779,0.118873684708968,6.28588872015007,0,0
D4Mit111,BV.CORTICAL,0.698660266507249,0.111612312889613,6.25970601647003,0,0
D17Mit20,pctFat,-0.452273117186524,0.0722644842901589,6.25858084547509,0,0
D9Mit90,peri.c,-0.708365220817413,0.113198643807408,6.25771826403327,0,0
D11Mit213,endo.c,-0.737253845691449,0.117866038898317,6.25501503726173,0,0
D17Mit76,pQCT.fem.dens,0.629560056551475,0.100784110625313,6.24662015317079,0,0
D13Mit88,cort.thick,0.604860826388819,0.0968668957697868,6.24424703178604,0,0
D17Mit39,STIFFNESS,-0.713656397439218,0.11464771501495,6.22477645844192,0,0
D11Mit188,Final.IGF.1,0.298838688260303,0.0480251948437525,6.22253984044332,0,0
D4Mit111,C.Th,0.611800150342399,0.0989698726962322,6.18168068398143,0,0
D17Mit39,body.weight,-0.612252523025588,0.0990442383095053,6.18160665855542,0,0
D4Mit111,Tb.N,0.306530744010137,0.049763343450109,6.15976987795152,0,0
D4Mit15,pQCT.fem.dens,0.527260983316761,0.0861342284848604,6.12138742740856,0,0
D9Mit1006,STIFFNESS,-0.692323342131793,0.113157680848438,6.11821784381639,0,0
D9Mit1006,body.weight,-0.597939882299367,0.0977312230513243,6.11820729988567,0,0
D9Mit1006,Femur.Length,-0.631158389491958,0.103204030890257,6.11563699641835,0,0
D9Mit1006,pctFat,-0.441193613146869,0.0721945382739857,6.11117715681613,0,0
D17Mit39,Femur.Length,-0.639028776204732,0.10463438633029,6.10725401673946,0,0
D13Mit88,BV.TV,0.647814966442446,0.106228696489788,6.09830476932115,0,0
D15MIT143,TV,0.557984216287013,0.0917301350436405,6.08288885677049,0,0
D17MIT175,D19Mit40,-1.1823088096611,0.194575506004265,6.07634965952593,0,0
D13Mit16,pQCT.fem.dens,0.693460011290953,0.114263869321915,6.06893513589386,0,0
D11Mit2,pQCT.fem.dens,0.598183472516125,0.0987591093996183,6.05699541189299,0,0
D17Mit164,endo.c,-0.729915679008816,0.120521865800953,6.0562925586823,0,0
D9Mit1006,peri.c,-0.699604633172414,0.115566639531804,6.05369019992904,0,0
D15MIT143,peri.c,0.528543768601081,0.087357012933324,6.05038737994048,0,0
D17Mit39,pctFat,-0.442562820214286,0.0732186944288827,6.04439649827609,0,0
D9Mit1006,TV,-0.733842193796765,0.121413165175785,6.04417315646363,0,0
D9Mit90,STIFFNESS,-0.64572043314717,0.107490092523597,6.00725534779323,0,0
D9Mit90,body.weight,-0.554968369603649,0.0928500173560642,5.97704109710006,0,0
D11Mit2,cort.thick,0.524934255909272,0.0879422780517243,5.96907730318886,0,0
D11Mit213,Tb.N,0.225868899895227,0.0379184850797639,5.9566963031381,0,0
D8MIT75,cort.thick,0.432329183846647,0.0729528284736063,5.92614697596077,0,0
D9Mit90,Femur.Length,-0.581008979537685,0.0980725360559855,5.92427812008462,0,0
D9Mit90,endo.c,-0.68847723422882,0.116256905863314,5.9220330105661,0,0
D11Mit213,C.Th,0.445757545585735,0.0754532398958801,5.90773234125993,0,0
D1Mit236,pQCT.fem.dens,0.645895421945438,0.109393243735774,5.90434472813986,0,0
D4Mit42,BV.TV.TRABECULAR,0.360214326097828,0.0610860502112038,5.89683446306308,0,0
D11Mit2,BV.TV,0.567394819507023,0.0963993789875999,5.88587629366376,0,0
D4Mit42,ROI.L2.4.BMD,0.261040747752732,0.0443709237387479,5.88314882263251,0,0
D9Mit90,pctFat,-0.403402750258088,0.0686172989123708,5.87902404571859,0,0
D4Mit42,Tb.Th,0.410936558812203,0.0700435589004467,5.86687149058587,0,0
D9Mit151,ROI.L2.4.BMD,-0.275880236679518,0.0470800174258946,5.85981594237432,0,0
D15MIT143,endo.c,0.524522696029758,0.0895300442339466,5.85862210297979,0,0
D9Mit151,Tb.Th,-0.435234092354534,0.0743396595249807,5.85466889592466,0,0
D9Mit151,BV.TV.TRABECULAR,-0.379019017517782,0.0647774548516603,5.85109461904194,0,0
D15MIT143,pctFat,0.392225149776205,0.0670350263157989,5.85104789738503,0,0
D1Mit7,pQCT.fem.dens,0.612622261201025,0.104919064289693,5.83899852089328,0,0
D15MIT143,Femur.Length,0.559298873397798,0.0958186758705517,5.83705491978824,0,0
D4Mit42,Final.IGF.1,0.274274979925735,0.0471007406007588,5.82315641808224,0,0
D15MIT143,body.weight,0.527766949634321,0.0907255753397973,5.81717941889769,0,0
D1Mit14,BMD.g.cm2,0.600283709729618,0.103321602206981,5.80985676671065,0,0
D9Mit259,TV,-0.716658190079609,0.123467306141403,5.80443691918609,0,0
D15MIT143,STIFFNESS,0.609618668691245,0.105037529150347,5.80381767947589,0,0
D9Mit259,peri.c,-0.681660342970576,0.117523128688626,5.80022290571086,0,0
D1Mit236,cort.thick,0.563575175436106,0.0972164021372812,5.79712027030449,0,0
D17Mit76,STIFFNESS,-0.65376626878098,0.112805663599209,5.79550926719217,0,0
D17MIT175,BV.CORTICAL,-0.644690968122007,0.111337878213542,5.79040106086372,0,0
D8MIT75,endo.c,-0.666701295381446,0.115480886545831,5.77326097264462,0,0
D13Mit16,endo.c,-0.692231276771228,0.119990382626674,5.76905633283101,0,0
D9Mit1001,STIFFNESS,-0.663532387448549,0.115223159412115,5.75867204851862,0,0
D9Mit1001,body.weight,-0.573133614892583,0.0995293449194218,5.75843853244073,0,0
D13Mit16,cort.thick,0.588708145185523,0.102265361259778,5.75667203375018,0,0
D9Mit1001,Femur.Length,-0.60507900956829,0.105126714083543,5.75571123708331,0,0
D9Mit1001,TV,-0.672229602794383,0.116859219312814,5.75247384628618,0,0
D9Mit1001,pctFat,-0.423023503401745,0.0735523634759077,5.75132440904238,0,0
D9Mit253,TV,-0.691537283118708,0.120277371987018,5.74952105865224,0,0
D4Mit42,C.Th,0.562611102465489,0.0978906619351857,5.74734189496031,0,0
D15MIT143,BV.CORTICAL,0.619991833354467,0.107938339434068,5.74394452059528,0,0
D4Mit170,pQCT.fem.dens,0.679100016352435,0.118295707901371,5.74069869820329,0,0
D9Mit1001,peri.c,-0.670663614038607,0.116839687651342,5.74003258242111,0,0
D17Mit76,body.weight,-0.559015451026309,0.0974503165175366,5.73641493432925,0,0
D1Mit17,Tb.N,0.260593690134686,0.0454312758275762,5.73599762251248,0,0
D4Mit42,Tb.N,0.282203969181064,0.049214550383153,5.73415721537644,0,0
D9Mit259,STIFFNESS,-0.649422265162742,0.113291218763037,5.73232658500297,0,0
D9Mit259,body.weight,-0.560892816991931,0.0978565825357487,5.73178423420854,0,0
D9Mit253,peri.c,-0.656259965602496,0.114538778401742,5.72958761006408,0,0
D9Mit259,Femur.Length,-0.592062626065751,0.103353236378701,5.72853494298281,0,0
D8MIT75,BV.TV,0.458732573237025,0.0801057539914337,5.72658704749326,0,0
D9Mit151,Final.IGF.1,-0.285542078420473,0.0498658533762345,5.72620458866065,0,0
D9Mit259,pctFat,-0.41387020867453,0.0723079687052136,5.72371504946851,0,0
D17MIT175,BMD.g.cm2,-0.598340404254009,0.104599147262007,5.72031818534087,0,0
D1Mit17,C.Th,0.590673561297004,0.103442004674026,5.71019058610065,0,0
D1Mit236,BV.TV,0.607627175970198,0.106462922630377,5.70740649380615,0,0
D15MIT143,BMD.g.cm2,0.577164591131035,0.101410823197235,5.69135101101095,0,0
D13Mit16,BV.TV,0.636359823846859,0.112084341227086,5.67750871245768,0,0
D4Mit111,BV.TV,0.646806442256762,0.114282389479305,5.65972102266808,0,0
D9Mit1006,BV.CORTICAL,-0.655495388279728,0.116158967036969,5.64308899261398,0,0
D4Mit42,D4Mit111,-0.793638422307936,0.140678562249995,5.64150222759305,0,0
D8Mit124,TV,-0.610637334820907,0.108247581258469,5.64111759100515,0,0
D4Mit170,peri.c,0.648861753514495,0.115097157493428,5.6375132770029,0,0
D17Mit76,Femur.Length,-0.580173537133101,0.10294618866739,5.63569710198394,0,0
D9Mit151,C.Th,-0.582998178008711,0.103559598595611,5.62959094004658,0,0
D10Mit77,Tb.N,-0.281587104539332,0.0500483823758701,5.6262978176712,0,0
D10Mit77,C.Th,-0.559643888927467,0.0995452517641787,5.62200485718048,0,0
D9Mit151,Tb.N,-0.292228437157759,0.0520588314241837,5.61342675513851,0,0
D9Mit151,BMD.g.cm2,-0.584344532458461,0.104118625552981,5.61229587266416,0,0
D8Mit124,peri.c,-0.577994170556261,0.103075344552985,5.60749200560904,0,0
D1Mit14,BV.CORTICAL,0.616405923656869,0.109994154566443,5.60398801269501,0,0
D11Mit188,BV.TV.TRABECULAR,0.351911490913709,0.062866647148489,5.5977454958351,0,0
D8Mit292,endo.c,-0.672492300360592,0.120146286027697,5.59727913857914,0,0
D15Mit67,TV,0.6611300181157,0.11828281935182,5.58940023359808,0,0
D15Mit67,peri.c,0.628769564046733,0.112617384759039,5.58323712979195,0,0
D10Mit77,BV.TV,-0.620074114042806,0.111115362467954,5.58045350589249,0,0
D10Mit77,Final.IGF.1,-0.26708706844558,0.0478839681397464,5.57779730506258,0,0
D9Mit151,BV.CORTICAL,-0.617855414853541,0.110821250873471,5.5752431053045,0,0
D4Mit111,pctFat,0.387405802275245,0.0696319130516567,5.56362428227192,0,0
D17Mit39,D8Mit200,-0.93204044953828,0.167594104229673,5.56129616744154,0,0
D11Mit213,Final.IGF.1,0.202298753552193,0.0364061656993837,5.55671682710651,0,0
D17Mit76,pctFat,-0.399902585482171,0.0720350460989697,5.55150037570242,0,0
D9Mit1006,BMD.g.cm2,-0.605836504146418,0.109140428170603,5.55098155927519,0,0
D4Mit42,BMD.g.cm2,0.553539703922814,0.0998367449503825,5.54444863159266,0,0
D9Mit253,STIFFNESS,-0.602353369612751,0.10878078495152,5.53731405671691,0,0
D1Mit386,BV.TV.TRABECULAR,0.333516027111665,0.0602621679452458,5.53441800193277,0,0
D1Mit17,Final.IGF.1,0.275582288578822,0.049831246182844,5.5303109933803,0,0
D1Mit7,cort.thick,0.515951368778416,0.0934093550368898,5.5235513463791,0,0
D4Mit111,Femur.Length,0.549281897247006,0.0995411185114771,5.5181406986468,0,0
D8Mit124,endo.c,-0.584517486919183,0.105997868328261,5.51442681006575,0,0
D9Mit253,body.weight,-0.518050673521326,0.0939661777946976,5.51316107220187,0,0
D10Mit77,cort.thick,-0.559432247784602,0.101484803965917,5.51247305924226,0,0
D4Mit170,TV,0.666242395806579,0.120933781346162,5.50915044903393,0,0
D1Mit7,endo.c,-0.615300574722034,0.111836826934504,5.50177067418388,0,0
D9Mit253,endo.c,-0.644722054980196,0.117514608496501,5.48631411216752,0,0
D4Mit42,BV.CORTICAL,0.582896730730071,0.106284243768153,5.48431931266873,0,0
D15Mit67,STIFFNESS,0.5853118906772,0.106840544056756,5.478368683393,0,0
D9Mit253,Femur.Length,-0.542985800843681,0.0992535896125567,5.47069182044966,0,0
D9Mit151,pctFat,-0.387197004301673,0.0707811586055827,5.47034001603831,0,0
D9Mit151,Femur.Length,-0.552647573686808,0.101163367101263,5.46292190070757,0,0
D15Mit67,body.weight,0.504092231871046,0.0922821567795035,5.4625102995318,0,0
D4Mit111,body.weight,0.514655545312997,0.0942630794389541,5.45977861508645,0,0
D4Mit111,cort.thick,0.496713542979075,0.0910138453973085,5.45756022955343,0,0
D9Mit151,body.weight,-0.52209412613577,0.0957739107746756,5.45131886035316,0,0
D9Mit259,BV.CORTICAL,-0.636111057262999,0.116832880824397,5.44462357492571,0,0
D2MIT285,Final.IGF.1,0.260448026841132,0.0478472881095151,5.44331846446566,0,0
D2MIT285,C.Th,0.541052683774953,0.0994003933641188,5.44316441277042,0,0
D9Mit151,STIFFNESS,-0.60348677698049,0.110873299143814,5.4430307534883,0,0
D2MIT285,Tb.N,0.271893840724717,0.0499704642908115,5.4410909440902,0,0
D13Mit88,Tb.N,0.261465116559073,0.0481110901251973,5.4346121835667,0,0
D17Mit76,cort.thick,0.488600983232681,0.0899146602564893,5.43405248753545,0,0
D9Mit253,pctFat,-0.377363554541707,0.069444769758495,5.43400972966067,0,0
D15Mit67,Femur.Length,0.529589155656016,0.0974613602948915,5.43383710276179,0,0
D11Mit2,Tb.N,0.236767331616246,0.0435940215451713,5.43118811305152,0,0
D4Mit111,STIFFNESS,0.591922767826298,0.109142490260265,5.4233943756898,0,0
D8Mit200,endo.c,-0.570750835223304,0.105286245176872,5.42094396342553,0,0
D15Mit67,pctFat,0.368762544091578,0.0681835646236087,5.40837878053523,0,0
D11Mit2,C.Th,0.468715809711357,0.0867230129715119,5.40474544934604,0,0
D13Mit88,C.Th,0.516754852221262,0.0957152795984861,5.39887523067357,0,0
D9Mit259,BMD.g.cm2,-0.590676627325614,0.109770771629442,5.38100095824767,0,0
D10Mit77,BV.TV.TRABECULAR,-0.333453802782382,0.0620655639304484,5.37260570380147,0,0
D1Mit7,BV.TV,0.547396141117363,0.102382674258139,5.34657006259873,0,0
D2MIT285,BV.TV.TRABECULAR,0.332047890582252,0.0621108525269795,5.34605269567051,0,0
D11Mit188,endo.c,-0.595780356455996,0.111453415001173,5.34555496975778,0,0
D1Mit540,BMD.g.cm2,0.545950121800592,0.102348857990009,5.33420824152123,0,0
D8Mit124,STIFFNESS,-0.521563490941432,0.097853772570975,5.33002946374023,0,0
D9Mit1001,endo.c,-0.613668514473604,0.115178073485873,5.32799773343033,0,0
D17Mit164,BV.CORTICAL,-0.447886562202345,0.0841216532966077,5.32427198765489,0,0
D9Mit1001,BV.CORTICAL,-0.630267764928545,0.118496841345623,5.31885709164369,0,0
D11Mit188,ROI.L2.4.BMD,0.242754676310643,0.0458169803819732,5.29835607425047,0,0
D8Mit124,body.weight,-0.447804847103448,0.0845245231924871,5.29792810642262,0,0
D9Mit151,peri.c,-0.618261611788697,0.116739117904716,5.29609631189206,0,0
D4Mit42,BV.TV,0.578131922515679,0.109166553455278,5.29587043116204,0,0
D1Mit236,Tb.N,0.312751177650846,0.0592343402059471,5.2798963669295,0,0
D1Mit236,C.Th,0.621501789155456,0.117853247196251,5.27352282555713,0,0
D2MIT285,ROI.L2.4.BMD,0.237602210390961,0.0451302463138006,5.26481084855731,0,0
D9Mit151,TV,-0.645169322750528,0.122587393895239,5.2629336691983,0,0
D8Mit124,D8Mit200,-0.850521796747398,0.161616679641026,5.26258674931654,0,0
D17Mit20,BV.CORTICAL,-0.612047187292331,0.116371643049152,5.25941862858996,0,0
D11Mit2,Final.IGF.1,0.264961706064452,0.050378527268595,5.25941746275748,0,0
D2MIT285,BV.TV,0.58197294214323,0.110688093212732,5.25777367060368,0,0
D10Mit77,pQCT.fem.dens,-0.60058554917627,0.114243171770077,5.25708048779489,0,0
D10Mit77,ROI.L2.4.BMD,-0.236408974103862,0.0450728247983663,5.24504455093373,0,0
D8Mit292,pQCT.fem.dens,0.613254709141883,0.116950971093979,5.24369061159046,0,0
D13Mit16,Tb.N,0.265594024217496,0.0506630249137919,5.24236412392333,0,0
D8Mit124,Femur.Length,-0.468010408942069,0.0892760177852991,5.24228589661775,0,0
D9Mit1001,BMD.g.cm2,-0.582716690118824,0.111326284374701,5.23431365190922,0,0
D9Mit12,pctFat,-0.371531955255205,0.0711964734195713,5.21840390977953,0,0
D13Mit16,C.Th,0.525787157104941,0.100783497744345,5.21699652098493,0,0
D2MIT285,Tb.Th,0.371699498785767,0.0712527348135743,5.21663483876488,0,0
D1Mit236,Final.IGF.1,0.296344777732616,0.0568121704792676,5.21621996189638,0,0
D9Mit12,Femur.Length,-0.530626204971205,0.101759866786195,5.2144939034373,0,0
D9Mit12,body.weight,-0.501682452372128,0.0963422208678944,5.20729590674519,0,0
D17Mit164,BMD.g.cm2,-0.411193392144485,0.0790381775894285,5.20246550066562,0,0
D9Mit12,STIFFNESS,-0.580166128044184,0.111533823154157,5.20170573945361,0,0
D8Mit124,pctFat,-0.324481872250843,0.0624612638857229,5.19492965823593,0,0
D7Mit75,Tb.N,0.260174626400905,0.0500873721447082,5.19441558341752,0,0
D7Mit75,C.Th,0.517226015464371,0.0996284405249528,5.19154985001324,0,0
D10Mit77,Tb.Th,-0.368111280603436,0.0711448237420841,5.17411192046692,0,0
D7Mit75,Final.IGF.1,0.247302896916827,0.0479423770553712,5.15833615490537,0,0
D2MIT285,cort.thick,0.520312952338108,0.10102749483604,5.15021136753451,0,0
D11Mit188,Tb.Th,0.372666889871544,0.0724335357127598,5.14494959005426,0,0
D13Mit88,Final.IGF.1,0.237014360780182,0.0461174755640322,5.13936111813182,0,0
D1Mit540,BV.CORTICAL,0.559799122740928,0.108951914845455,5.13803840469427,0,0
D7Mit75,BV.TV,0.569474925807553,0.111060304998285,5.1276189617555,0,0
D17Mit20,BMD.g.cm2,-0.559018369471977,0.109333218616696,5.1129782562407,0,0
D9Mit151,BV.TV,-0.588672258793026,0.115186571291641,5.11059798196933,0,0
D4Mit42,cort.thick,0.509331640267882,0.0996791885597092,5.10970893350305,0,0
D1Mit386,ROI.L2.4.BMD,0.22338150318195,0.0438451586364765,5.09478150219554,0,0
D9Mit1006,endo.c,-0.605941380682988,0.118954339347999,5.09389891957047,0,0
D18Mit9,ROI.L2.4.BMD,0.245370648887189,0.0482141639266239,5.0891818690585,0,0
D18Mit9,Tb.Th,0.38713217141569,0.0761093969186825,5.08652265145805,0,0
D9Mit12,peri.c,-0.597391075114445,0.117468864105685,5.08552695782418,0,0
D18Mit9,BV.TV.TRABECULAR,0.337048675423232,0.0663791790336007,5.07762645350916,0,0
D1Mit14,D4Mit42,-0.919654317640286,0.18114514429635,5.07689191014553,0,0
D1Mit17,endo.c,-0.615652077988948,0.121405716143899,5.07103040567901,0,0
D9Mit12,TV,-0.623908579547956,0.123360217537353,5.05761575330426,0,0
D7Mit75,cort.thick,0.512805426777529,0.101397187127738,5.05739302345251,0,0
D15MIT143,Tb.Th,0.344063068682909,0.0681206327934348,5.05079084814474,0,0
D4Mit111,pQCT.fem.dens,0.517426524756346,0.102477176855201,5.04918793271855,0,0
D17Mit76,BV.TV,0.497774492357701,0.0986499289614381,5.04586772234048,0,0
D13Mit16,Final.IGF.1,0.244063865635766,0.048530899385501,5.0290406468066,0,0
D1Mit17,BV.TV.TRABECULAR,0.324604096573064,0.0647941933139183,5.0097714003538,0,0
D1Mit236,BV.TV.TRABECULAR,0.36916912011221,0.0739791622248312,4.99017708514004,0,0
D7Mit75,BV.TV.TRABECULAR,0.31016969363748,0.0621930362159908,4.98720938081056,0,0
D15Mit67,endo.c,0.427648795372093,0.0858134693161695,4.98346936419121,0,0
D4Mit111,peri.c,0.573610765478526,0.115155168222752,4.98119862383385,0,0
D9Mit12,BV.CORTICAL,-0.570064386347122,0.11469826950987,4.97012194502262,0,0
D11Mit2,BV.TV.TRABECULAR,0.325397839599122,0.0656089242147892,4.95965820951189,0,0
D18Mit9,Final.IGF.1,0.253822707173968,0.0511864639749341,4.95878573089684,0,0
D3Mit57,TV,0.569731867823351,0.114900055397482,4.95849950509109,0,0
D17MIT175,Tb.Th,-0.347508279661248,0.0701794119688817,4.9517126164485,0,0
D13Mit88,TV,-0.608295151813579,0.122873666043541,4.95057379990619,0,0
D15MIT143,ROI.L2.4.BMD,0.213555403400419,0.0431530799207946,4.94878705743343,0,0
D9Mit259,endo.c,-0.604088336312873,0.122220015719847,4.942630163766,0,0
D8Mit200,pQCT.fem.dens,0.494147053821291,0.100215021874444,4.93086809321253,0,0
D3Mit57,peri.c,0.538977433919122,0.109313636167354,4.93055992661311,0,0
D9Mit12,BMD.g.cm2,-0.528886541475301,0.107757791880766,4.90810485482584,0,0
D9Mit151,cort.thick,-0.515575314611313,0.105099599841661,4.90558779850786,0,0
D8MIT75,Tb.N,0.178712514230977,0.0364379742842875,4.90456776868742,0,0
D4Mit111,TV,0.592949361120196,0.120969394136546,4.90164777093036,0,0
D16Mit60,Tb.N,0.207805254013295,0.0424173126269795,4.89906694091509,0,0
D16Mit60,C.Th,0.413249190295988,0.0843755710384414,4.89773503408602,0,0
sex,Tb.N,-0.167631130162189,0.0342405790982332,4.89568618805395,0,0
D17Mit39,pQCT.fem.dens,0.424209706698549,0.0869423120116082,4.87920894767453,0,0
D7Mit75,ROI.L2.4.BMD,0.220351800882109,0.0451790826586612,4.8772969240416,0,0
D13Mit16,D17Mit76,-0.75512436903675,0.154826763559454,4.87722117078796,0,0
D16Mit60,Final.IGF.1,0.198029737015029,0.0406142283889474,4.87587096616909,0,0
D1Mit386,Tb.Th,0.337498843098366,0.0692646981401326,4.87259530699977,0,0
D15Mit67,D5Mit200,-1.40190114514154,0.287828242962154,4.87061704130916,0,0
D18Mit9,C.Th,0.518145608836672,0.106386365885408,4.8704136523921,0,0
D13Mit88,peri.c,-0.569185409864432,0.117051188942866,4.86270506950817,0,0
D8MIT75,C.Th,0.352562810687697,0.0725058247015705,4.86254465953354,0,0
D1Mit236,ROI.L2.4.BMD,0.261471580686062,0.0538146032768753,4.85874771464532,0,0
D18Mit123,Tb.Th,0.35104245004551,0.0722818978956723,4.85657488617947,0,0
D18Mit9,Tb.N,0.25971430233212,0.0534860818869811,4.85573616854025,0,0
D18Mit123,ROI.L2.4.BMD,0.222295975522673,0.0457888276317546,4.85480819274156,0,0
D13Mit16,D8Mit292,-0.916506542623616,0.189012628478412,4.84891697449885,0,0
D18Mit9,BMD.g.cm2,0.548899812363391,0.113299084379092,4.84469768993722,0,0
D9Mit253,BV.CORTICAL,-0.527541025990254,0.108919156565251,4.84341820691768,0,0
D17MIT175,ROI.L2.4.BMD,-0.214915218966149,0.044447566401523,4.83525277907644,0,0
D18Mit123,BV.TV.TRABECULAR,0.304788058205989,0.0630380036143844,4.83498906580919,0,0
sex,C.Th,-0.328275027470819,0.0681221901891503,4.81891475537296,0,0
D7Mit75,Tb.Th,0.343464719654861,0.0713221841815398,4.81567865028675,0,0
D2MIT285,pQCT.fem.dens,0.545977525634544,0.113571328413207,4.807353521904,0,0
D13Mit125,endo.c,-0.598251004440426,0.124448022831644,4.80723591125072,0,0
D16Mit60,BV.TV,0.451534057143131,0.0939629198402954,4.80544940398387,0,0
D8Mit292,cort.thick,0.500612564736342,0.104181264973461,4.80520720173504,0,0
D7Mit75,pQCT.fem.dens,0.547934090744559,0.114057172209764,4.80403012041055,0,0
D11Mit2,ROI.L2.4.BMD,0.228978561849173,0.0477278010456423,4.79759295070393,0,0
D3Mit57,endo.c,0.552729420900877,0.115331867251536,4.79251254725104,0,0
D1Mit236,Tb.Th,0.406931907629905,0.0850065102987827,4.78706755752721,0,0
D18Mit9,BV.CORTICAL,0.576886355599973,0.120591591046356,4.78380250724296,0,0
D18Mit123,BMD.g.cm2,0.475111646418957,0.0993204683151346,4.78362269609395,0,0
D18Mit123,BV.CORTICAL,0.504686226110691,0.105707808804283,4.77435141092661,0,0
D13Mit125,pQCT.fem.dens,0.597824799907354,0.125624937144465,4.75880675840557,0,0
D1Mit17,ROI.L2.4.BMD,0.223944299928344,0.0471084076817703,4.75380746131661,0,0
D9Mit253,BMD.g.cm2,-0.485667312487072,0.102318901263503,4.74660406327398,0,0
D16Mit60,BV.TV.TRABECULAR,0.24972914746959,0.0527195407672264,4.73693707940711,0,0
D16Mit60,cort.thick,0.405657099394784,0.0857635352544471,4.72994843544243,0,0
D11Mit213,BV.TV.TRABECULAR,0.32906510209729,0.0695843874354415,4.72900767291495,0,0
D9Mit259,Tb.Th,-0.351980634807913,0.0744510350236596,4.72767953724294,0,0
D15MIT143,BV.TV.TRABECULAR,0.280622138546394,0.0594103048021643,4.72345899387089,0,0
D11Mit2,Tb.Th,0.355183319981825,0.0753930589279285,4.71108779816667,3.30687830687831e-05,0.00330687830687831
D18Mit123,Final.IGF.1,0.228493485465869,0.0486056058039252,4.70096980968842,0,0
D9Mit90,BV.CORTICAL,-0.524690809283124,0.111637903531585,4.6999342757693,0,0
D3Mit57,STIFFNESS,0.484564310608446,0.103269322207545,4.6922387041003,0,0
D17Mit39,D9Mit151,-0.712765118834055,0.152181326998759,4.68365687756073,0,0
D9Mit259,ROI.L2.4.BMD,-0.220780096591717,0.0471734357784132,4.68017842984307,3.30687830687831e-05,0.00330687830687831
D3Mit57,body.weight,0.415882725063542,0.0891670939772028,4.66408297628125,0,0
D17MIT175,pQCT.fem.dens,0.520042807510666,0.111782794078282,4.65226166333323,0,0
D16Mit60,ROI.L2.4.BMD,0.17784364609059,0.038305907427666,4.64272113710964,3.30687830687831e-05,0.00330687830687831
D10Mit126,Final.IGF.1,-0.228160593892341,0.0491911079341038,4.63824872979043,0,0
D17Mit39,BV.CORTICAL,-0.504704810456752,0.108854922324537,4.63649047446877,0,0
D18Mit147,Tb.Th,0.32759573574271,0.0706638490334706,4.63597355965624,3.30687830687831e-05,0.00324074074074074
D9Mit90,BMD.g.cm2,-0.485076939582285,0.104876941211255,4.6252010592604,0,0
D10Mit126,C.Th,-0.471501536715514,0.102017427972988,4.62177439760935,0,0
D1Mit17,Tb.Th,0.343811694721655,0.0743958919283587,4.62138010325539,3.30687830687831e-05,0.00330687830687831
D18Mit147,ROI.L2.4.BMD,0.206890983993805,0.0447705220400215,4.62114298798795,3.30687830687831e-05,0.00324074074074074
D9Mit1006,Tb.Th,-0.339036767196776,0.0734027970963173,4.61885351251534,3.30687830687831e-05,0.00330687830687831
D10Mit126,Tb.N,-0.236761455073955,0.0512731161240318,4.61765293338558,0,0
D3Mit57,Femur.Length,0.434372958318058,0.0941203269325107,4.61508127388387,0,0
D10Mit77,BMD.g.cm2,-0.487635274777233,0.105749894584097,4.61121286876974,0,0
D2MIT206,BMD.g.cm2,0.485704161948324,0.105331459012403,4.61119751404117,0,0
D1Mit14,D1Mit540,-0.901663582741116,0.195580778296864,4.61018506313804,0,0
D18Mit123,C.Th,0.465505212403542,0.101018070340356,4.60813803743366,0,0
D14Mit75,BV.TV,0.511997162350109,0.111115954062203,4.60777362415022,0,0
D15Mit67,BV.CORTICAL,0.505646555512213,0.109779482747851,4.60602056828431,0,0
D1Mit7,Tb.N,0.213154769940658,0.0462850092361181,4.60526579682142,0,0
D4Mit42,pQCT.fem.dens,0.517141138133756,0.112338459821347,4.60342022630692,0,0
D2Mit395,Final.IGF.1,0.166091244412283,0.0360978459955045,4.6011400356954,3.30687830687831e-05,0.00330687830687831
D4Mit42,pctFat,0.302730788274135,0.0658304389062016,4.59864453745296,0,0
D10Mit126,BV.TV.TRABECULAR,-0.29452790835674,0.0640907525576396,4.59548213436655,3.30687830687831e-05,0.00330687830687831
D19Mit40,body.weight,-0.415748367726058,0.090509488821536,4.59342300060736,0,0
D18Mit123,Tb.N,0.23325947327155,0.050786841430011,4.59291160276236,0,0
D19Mit40,STIFFNESS,-0.481271578253025,0.104786913139698,4.59285958363343,0,0
D2MIT206,Tb.Th,0.325223420374116,0.0708143239252295,4.59262197740542,3.30687830687831e-05,0.00330687830687831
D19Mit40,Femur.Length,-0.438999876371724,0.0955910991806412,4.59247649765104,0,0
D2Mit395,C.Th,0.344228203872482,0.0749953900155628,4.58999151549247,0,0
D19Mit40,pctFat,-0.306958875243533,0.0668761575893846,4.58995980493139,0,0
D8MIT75,Final.IGF.1,0.211201212342999,0.0460162140064477,4.58971292843445,3.30687830687831e-05,0.00330687830687831
D2MIT285,BMD.g.cm2,0.487210464401041,0.106162043936146,4.58930938343731,0,0
D16Mit60,Tb.Th,0.277546011130132,0.0604779248544098,4.58921187852056,3.30687830687831e-05,0.00330687830687831
D7Mit75,D1Mit236,-0.684510460292464,0.14922653074189,4.5870560475364,0,0
D13Mit125,cort.thick,0.456927429815765,0.0996142225816626,4.58696979180037,0,0
D2Mit395,Tb.N,0.172925060615277,0.0377018944118264,4.58664115724205,0,0
D2MIT206,BV.CORTICAL,0.51415591792792,0.112106988368543,4.58629676356723,0,0
D8Mit292,BV.TV,0.523264328030954,0.114220766465128,4.58116631699112,0,0
D17MIT175,BV.TV.TRABECULAR,-0.280169561815154,0.0611624873003592,4.58074179421916,3.30687830687831e-05,0.00330687830687831
D14Mit75,cort.thick,0.464653309257219,0.101458240566586,4.57974932999427,0,0
D18Mit147,BV.TV.TRABECULAR,0.282094752869288,0.0616567331837508,4.57524650273933,3.30687830687831e-05,0.00324074074074074
D3Mit57,pctFat,0.301001728639413,0.0658186567659949,4.57319768328856,0,0
D1Mit236,endo.c,-0.548953726555196,0.120042953269935,4.57297751847866,0,0
D9Mit12,Tb.Th,-0.304046801736313,0.0665257406433457,4.57036327286234,3.30687830687831e-05,0.00330687830687831
D9Mit259,BV.TV.TRABECULAR,-0.296761055853463,0.0649766470746373,4.56719558817154,3.30687830687831e-05,0.00330687830687831
D1Mit7,C.Th,0.420500015233988,0.0920749843846988,4.56693007383087,0,0
D2MIT206,ROI.L2.4.BMD,0.204888777161954,0.0448665081429524,4.56663078189958,3.30687830687831e-05,0.00330687830687831
D19MIT88,pctFat,-0.306246412539643,0.0671125977581667,4.56317327550292,0,0
D18Mit147,BMD.g.cm2,0.479208039459121,0.105115892758049,4.55885429772393,0,0
D19MIT88,Femur.Length,-0.437278771965869,0.095922257107898,4.55867892551774,0,0
D14Mit75,Tb.N,0.228131545803804,0.0500949718858135,4.55398091297082,0,0
D19MIT88,body.weight,-0.41330379131186,0.0908146663289092,4.55106876476285,0,0
D14Mit75,C.Th,0.453015475256638,0.0996420130591909,4.54643037959832,0,0
D19MIT88,STIFFNESS,-0.477875844134352,0.105134126361315,4.54539225914177,0,0
D8Mit292,TV,-0.564034708587226,0.12409058301175,4.54534659196355,0,0
D2Mit395,BV.TV.TRABECULAR,0.212940412246054,0.0468535778522585,4.54480579727572,3.30687830687831e-05,0.00330687830687831
D10Mit126,ROI.L2.4.BMD,-0.211889479009655,0.0466307753076597,4.54398361622028,3.30687830687831e-05,0.00330687830687831
D7Mit75,BMD.g.cm2,0.476037844378889,0.104952426935928,4.53574879854378,0,0
D19Mit40,peri.c,-0.500901793429739,0.110435597940889,4.53569141444633,0,0
D4Mit42,Femur.Length,0.426621115866165,0.0940625734085726,4.53550334002753,0,0
D10Mit77,BV.CORTICAL,-0.509942811393383,0.112580364599732,4.52958926902069,0,0
D18Mit147,BV.CORTICAL,0.505849624730952,0.111877957286696,4.52144137235786,0,0
D4Mit15,D3Mit57,-1.17242075918126,0.259348585689129,4.52063679493745,0,0
D19Mit40,TV,-0.524047669983856,0.115988024980259,4.51811874607785,0,0
D11MIT30,BMD.g.cm2,0.432670824084357,0.0958461851701645,4.51422060581959,0,0
D9Mit12,ROI.L2.4.BMD,-0.190200746036965,0.0421555458258405,4.51187957149819,3.30687830687831e-05,0.00330687830687831
D10Mit126,Tb.Th,-0.332363778011072,0.0736653236208366,4.5118077498958,3.30687830687831e-05,0.00330687830687831
D8Mit200,cort.thick,0.508716874971694,0.112805924414203,4.5096645199571,0,0
D13Mit125,BV.TV,0.492537913407856,0.109219127501653,4.50963054434217,0,0
D11Mit2,endo.c,-0.528666730930975,0.117280814885616,4.50770001424856,0,0
D7Mit75,BV.CORTICAL,0.502922881517472,0.111711988685162,4.50195979354427,0,0
D2MIT206,BV.TV.TRABECULAR,0.277940054766843,0.0617909266543924,4.49807228691376,3.30687830687831e-05,0.00330687830687831
D13Mit16,BV.TV.TRABECULAR,0.283553640801841,0.0630483220456969,4.49740185942338,3.30687830687831e-05,0.00330687830687831
D9Mit1006,ROI.L2.4.BMD,-0.211168182856453,0.0470436986861717,4.48876658838317,3.30687830687831e-05,0.00330687830687831
D10Mit77,D5Mit95,-1.56472124110453,0.348671751327482,4.48766278067335,0,0
D2Mit395,ROI.L2.4.BMD,0.152743402099522,0.0340428026426454,4.48680455904004,3.30687830687831e-05,0.00330687830687831
D15Mit67,BMD.g.cm2,0.462643596010088,0.103141200404951,4.48553627642171,0,0
D4MIT104,Tb.N,0.203879898412204,0.045453755712303,4.48543569650548,3.30687830687831e-05,0.00330687830687831
D18Mit64,BV.TV.TRABECULAR,0.281542367740592,0.0627741956966148,4.48500159366876,3.30687830687831e-05,0.00327380952380952
D17Mit39,BMD.g.cm2,-0.480468783629164,0.10715345510329,4.48393178890985,0,0
D14Mit75,Final.IGF.1,0.214914797397721,0.0479438730067825,4.4826332108655,3.30687830687831e-05,0.00330687830687831
D4MIT104,C.Th,0.405243271217796,0.0904129402054587,4.4821379583155,3.30687830687831e-05,0.00330687830687831
D18Mit64,ROI.L2.4.BMD,0.204487835976836,0.0456388559957904,4.480564455772,3.30687830687831e-05,0.00327380952380952
D2MIT285,BV.CORTICAL,0.506080504199311,0.112999677988454,4.47860129522691,0,0
D17Mit20,pQCT.fem.dens,0.381987458093978,0.0853575887568675,4.47514349523193,0,0
D18Mit64,Tb.Th,0.322264568021066,0.0720744587722328,4.47127281301515,3.30687830687831e-05,0.00327380952380952
D8Mit292,peri.c,-0.528520641507677,0.118207114250734,4.47114071651059,3.30687830687831e-05,0.00330687830687831
D16Mit60,pQCT.fem.dens,0.430931823837908,0.0964156266933447,4.46952261388614,0,0
D3Mit230,endo.c,0.532515697513187,0.119246209785164,4.46568237659357,0,0
D4Mit42,body.weight,0.396679192846662,0.0890205918114515,4.45603859483254,0,0
D18Mit9,BV.TV,0.494601449022606,0.111109268110409,4.45148687804442,0,0
D2Mit395,Tb.Th,0.239238301018596,0.0537466337580102,4.45122390540303,3.30687830687831e-05,0.00330687830687831
D4MIT104,Final.IGF.1,0.193531336103172,0.0435116620015377,4.4478038116846,3.30687830687831e-05,0.00330687830687831
D4MIT104,BV.TV,0.447973689967026,0.100756039149684,4.44612247313051,0,0
D1Mit236,D11Mit214,-1.07276685052873,0.24151559940685,4.44181184637095,0,0
D13Mit88,BV.TV.TRABECULAR,0.266312263143034,0.0599888808087862,4.43936042067364,3.30687830687831e-05,0.00330687830687831
D19MIT88,peri.c,-0.491117672588397,0.110721589120536,4.43560895837349,3.30687830687831e-05,0.00327380952380952
D6Mit74,pctFat,-0.286063609744165,0.0645051578845145,4.43474009096006,0,0
D6Mit74,D19Mit40,-0.887575603277063,0.200191225400289,4.4336388945236,0,0
D14Mit75,pQCT.fem.dens,0.506086649246752,0.114149846941811,4.43352893416262,0,0
D6Mit74,Femur.Length,-0.408208832053983,0.0922003431290864,4.42741120260761,3.30687830687831e-05,0.00330687830687831
D1Mit64,pQCT.fem.dens,0.483861945607102,0.109355388207812,4.42467402417889,0,0
D6Mit74,body.weight,-0.385535316023456,0.0872968815085101,4.4163698560741,3.30687830687831e-05,0.00330687830687831
D18Mit64,Final.IGF.1,0.213216433802274,0.0482804190138689,4.41620926572792,3.30687830687831e-05,0.00327380952380952
D11Mit213,ROI.L2.4.BMD,0.223629404609416,0.0506526421550429,4.4149603079916,3.30687830687831e-05,0.00330687830687831
D19MIT88,TV,-0.512756377933909,0.116273213234156,4.40992696143433,3.30687830687831e-05,0.00327380952380952
D6Mit74,STIFFNESS,-0.445565494456648,0.101066000022492,4.40865864244643,3.30687830687831e-05,0.00330687830687831
D10Mit126,BV.TV,-0.497816040609422,0.112921965012166,4.4084960844933,0,0
D4Mit42,STIFFNESS,0.454094086627781,0.103032802502653,4.40727686326972,3.30687830687831e-05,0.00330687830687831
D17MIT175,D19MIT88,-1.15113337118792,0.261422864161312,4.4033385330734,0,0
D18Mit64,BMD.g.cm2,0.472434512547068,0.107425293093519,4.39779589091546,3.30687830687831e-05,0.00327380952380952
D2Mit395,BV.TV,0.367212872694977,0.0835267843687365,4.39634873376525,0,0
D4MIT104,cort.thick,0.403884297386754,0.0919815464918108,4.39092745002621,0,0
D18Mit147,Final.IGF.1,0.185826597202699,0.0423441596559991,4.38848234827047,3.30687830687831e-05,0.00324074074074074
D9Mit1001,Tb.Th,-0.327098786254672,0.0747145665592913,4.37797877064704,3.30687830687831e-05,0.00330687830687831
D9Mit12,BV.TV.TRABECULAR,-0.25419829786603,0.0580764516036874,4.37695986663707,3.30687830687831e-05,0.00330687830687831
D18Mit123,pctFat,0.287272075144156,0.065696512072478,4.37271425958247,3.30687830687831e-05,0.00327380952380952
D18Mit64,BV.CORTICAL,0.499785504815348,0.114348258765458,4.37073122241823,3.30687830687831e-05,0.00327380952380952
D19MIT88,BV.CORTICAL,-0.47207560372461,0.108124087271425,4.36605399997091,3.30687830687831e-05,0.00327380952380952
D18Mit64,C.Th,0.436331415676325,0.100225321468624,4.35350477586567,3.30687830687831e-05,0.00327380952380952
D8Mit200,TV,-0.594208460069234,0.13656521260186,4.35109680385135,3.30687830687831e-05,0.00330687830687831
D18Mit64,Tb.N,0.21878608302874,0.0503796099249228,4.34275063571913,3.30687830687831e-05,0.00327380952380952
D15Mit242,endo.c,0.531281761162947,0.122354418920877,4.34215425849483,0,0
D9Mit151,pQCT.fem.dens,-0.512232112788241,0.118069826396184,4.33838287412605,0,0
D18Mit123,Femur.Length,0.407185702876407,0.0939144509027115,4.33570871109305,6.61375661375661e-05,0.00654761904761905
D8Mit200,BV.TV,0.537386203801421,0.124052721816557,4.33191788081911,0,0
D18Mit147,C.Th,0.381080425180868,0.0880551991462826,4.32774474279247,3.30687830687831e-05,0.00324074074074074
D12MIT133,pQCT.fem.dens,0.470958831521205,0.108855751773211,4.32644875304703,0,0
D18Mit147,Tb.N,0.191141389081823,0.0442734960782833,4.31728700041785,3.30687830687831e-05,0.00324074074074074
D13Mit88,STIFFNESS,-0.457869593382752,0.106069619494093,4.31668931751237,6.61375661375661e-05,0.00661375661375661
D19MIT88,BMD.g.cm2,-0.438210872640653,0.101581068819053,4.31390295194904,3.30687830687831e-05,0.00327380952380952
D10Mit126,cort.thick,-0.44246302125796,0.102893233318066,4.3002149605913,0,0
D2Mit395,cort.thick,0.327455194140629,0.0762405835267009,4.29502476231635,0,0
D6Mit74,BV.CORTICAL,-0.446151646329024,0.103883010420265,4.29475084062436,3.30687830687831e-05,0.00330687830687831
D9Mit1006,BV.TV.TRABECULAR,-0.278143169960457,0.0647853521701972,4.29330335705746,3.30687830687831e-05,0.00330687830687831
D18Mit9,cort.thick,0.435525059156777,0.101456289835048,4.29273591479514,0,0
D1Mit7,Final.IGF.1,0.19028228743324,0.0443394997138021,4.29148476328,3.30687830687831e-05,0.00330687830687831
D8Mit200,peri.c,-0.558494373779874,0.13014384365246,4.2913622197243,3.30687830687831e-05,0.00330687830687831
D14Mit75,BV.TV.TRABECULAR,0.250802390994004,0.0584583863892082,4.29027221730334,3.30687830687831e-05,0.00330687830687831
D18Mit123,body.weight,0.381374279487141,0.08893367325403,4.2883000952607,6.61375661375661e-05,0.00654761904761905
D19MIT17,BV.CORTICAL,-0.467473284923486,0.109024810405578,4.28776975795199,3.30687830687831e-05,0.00330687830687831
D17Mit164,D19MIT88,-1.17516159865977,0.274108486271327,4.28721348487012,0,0
D4MIT104,BV.TV.TRABECULAR,0.242024809169431,0.0564562520988989,4.28694431832734,3.30687830687831e-05,0.00330687830687831
sex,Final.IGF.1,-0.140472611352955,0.0328284250247761,4.27899331895875,3.30687830687831e-05,0.00330687830687831
D6Mit74,peri.c,-0.455661829719704,0.106494036384327,4.27875442785605,3.30687830687831e-05,0.00330687830687831
D19MIT17,pctFat,-0.28878545114564,0.0676484453446217,4.2689148239029,6.61375661375661e-05,0.00661375661375661
sex,BV.CORTICAL,0.330277582888046,0.0773815519298826,4.26816953978022,3.30687830687831e-05,0.00330687830687831
D1Mit64,cort.thick,0.417008880668347,0.0977655428211071,4.26539728246992,0,0
D13Mit88,body.weight,-0.390486697765241,0.0916015208385836,4.26288443893133,9.92063492063492e-05,0.00992063492063492
D19MIT17,BMD.g.cm2,-0.43633006208337,0.102424662055932,4.26000978011621,3.30687830687831e-05,0.00330687830687831
D19Mit40,BV.CORTICAL,-0.458662850692527,0.107686640155435,4.25923633637833,3.30687830687831e-05,0.00327380952380952
D18Mit123,STIFFNESS,0.438531266233577,0.102971047574171,4.25878221660026,9.92063492063492e-05,0.00982142857142857
D11Mit213,Tb.Th,0.340573822936032,0.0800363105420284,4.25524141017458,3.30687830687831e-05,0.00330687830687831
D2MIT206,Final.IGF.1,0.20289265093346,0.0476921183696968,4.2542176332091,3.30687830687831e-05,0.00330687830687831
D9Mit1001,ROI.L2.4.BMD,-0.201306072167402,0.0473224122871654,4.25392667951544,3.30687830687831e-05,0.00330687830687831
D19MIT17,Femur.Length,-0.411264624748716,0.0966836382978694,4.25371481658215,9.92063492063492e-05,0.00992063492063492
D6Mit74,TV,-0.475353651912614,0.111844481556206,4.2501305857789,6.61375661375661e-05,0.00661375661375661
D6Mit74,BMD.g.cm2,-0.414702551589229,0.0975994601816117,4.24902505421194,3.30687830687831e-05,0.00330687830687831
D2Mit395,BMD.g.cm2,0.443639060423953,0.104489627483503,4.24577128953776,3.30687830687831e-05,0.00330687830687831
D17MIT175,D19MIT108,-1.40502616874922,0.330923723918894,4.24577045160284,0,0
D11MIT30,BV.CORTICAL,0.432875635265896,0.102030934652748,4.24259207993287,3.30687830687831e-05,0.00330687830687831
D13Mit16,ROI.L2.4.BMD,0.194299749837561,0.0458246105375005,4.24007422122129,3.30687830687831e-05,0.00330687830687831
D14Mit75,ROI.L2.4.BMD,0.189121749556374,0.0446389628936582,4.23669676212936,3.30687830687831e-05,0.00330687830687831
D14Mit75,Tb.Th,0.2982982805784,0.070457744375122,4.23371885126266,3.30687830687831e-05,0.00330687830687831
D19MIT17,body.weight,-0.387458353136369,0.091529975366807,4.23313074851847,9.92063492063492e-05,0.00992063492063492
D13Mit88,D12Mit5,-1.62475107084667,0.383989768381665,4.23123532091553,0,0
D4MIT104,pQCT.fem.dens,0.48313254079194,0.114326444610647,4.22590366067368,0,0
D19MIT17,STIFFNESS,-0.447117165130185,0.105958192088002,4.21975079339632,9.92063492063492e-05,0.00992063492063492
D9Mit259,Final.IGF.1,-0.21155410420043,0.0501691088712596,4.21682005042795,3.30687830687831e-05,0.00330687830687831
D18Mit147,D3Mit19,-1.43771164359544,0.34161532951829,4.20856887664483,0,0
D2Mit395,BV.CORTICAL,0.466878372929651,0.111220775917301,4.19776223532913,3.30687830687831e-05,0.00330687830687831
D19Mit40,BMD.g.cm2,-0.424205142063267,0.101174057012794,4.19282526161446,3.30687830687831e-05,0.00327380952380952
D4MIT104,ROI.L2.4.BMD,0.171717082402852,0.0410145808569242,4.18673259155987,3.30687830687831e-05,0.00330687830687831
D6Mit14,Final.IGF.1,0.197809838799281,0.0472785472994411,4.18392378992617,3.30687830687831e-05,0.00330687830687831
D13Mit88,Femur.Length,-0.403446620527692,0.0967177534877012,4.17138121988116,0.000132275132275132,0.0132275132275132
D6Mit14,BV.TV.TRABECULAR,0.255539553258933,0.0613513359141686,4.16518319367058,3.30687830687831e-05,0.00330687830687831
D1Mit64,BV.TV,0.447126987283691,0.107369728679823,4.16436730148612,0,0
D13Mit16,TV,-0.510888092108054,0.122698243187446,4.16377674884532,0.000165343915343915,0.0165343915343915
D6Mit14,C.Th,0.408650930272399,0.0982345653955454,4.15995050852976,3.30687830687831e-05,0.00330687830687831
D17Mit164,Tb.Th,-0.281572805301704,0.0677320161338428,4.15715966206141,3.30687830687831e-05,0.00330687830687831
D6Mit14,Tb.N,0.205191898142279,0.0493855461187305,4.15489782473937,3.30687830687831e-05,0.00330687830687831
D13Mit125,D8Mit292,-0.807261681700905,0.194366024466501,4.15330654581577,0,0
D7Mit75,D4MIT104,-0.971664518266051,0.234792591073998,4.13839514194815,0,0
D18Mit123,BV.TV,0.466138317401806,0.112653464222992,4.13780721806394,0,0
D8Mit292,D11Mit2,-0.630828655386028,0.152632142991593,4.1330000550459,0,0
D4MIT104,Tb.Th,0.267481437100455,0.0647499056422982,4.13099346550586,3.30687830687831e-05,0.00330687830687831
D17Mit164,D4MIT104,-1.40071430556865,0.339192981026103,4.12954979590471,0,0
D6Mit14,ROI.L2.4.BMD,0.183899170708018,0.0445727776302017,4.12581805499622,3.30687830687831e-05,0.00330687830687831
D2MIT206,C.Th,0.408384774917834,0.0991655823829758,4.11821082581513,3.30687830687831e-05,0.00330687830687831
D13Mit125,Tb.N,0.203528452793544,0.049430738164828,4.1174471664751,3.30687830687831e-05,0.00330687830687831
D8MIT75,BV.TV.TRABECULAR,0.252880813342353,0.0614499240368421,4.11523394546004,3.30687830687831e-05,0.00330687830687831
D12MIT133,cort.thick,0.399775801379724,0.0971474438389749,4.11514483121517,0,0
D13Mit88,ROI.L2.4.BMD,0.179390606648755,0.0436209159666839,4.1124905947818,3.30687830687831e-05,0.00330687830687831
D14Mit5,BMD.g.cm2,0.43070716250744,0.104785017217422,4.11038881268448,3.30687830687831e-05,0.00327380952380952
D17Mit164,D19Mit40,-1.11355035316552,0.270968900486305,4.10951349460047,0,0
D13Mit16,Tb.Th,0.297224897593276,0.0723582920964801,4.10768260252697,3.30687830687831e-05,0.00330687830687831
D15MIT143,Final.IGF.1,0.188010835617112,0.04581050622985,4.10409862475181,3.30687830687831e-05,0.00330687830687831
D6Mit14,Tb.Th,0.288504701215666,0.0703686512704882,4.09990380669214,3.30687830687831e-05,0.00330687830687831
D14Mit5,BV.CORTICAL,0.45726883661256,0.111537831719852,4.09967478802238,3.30687830687831e-05,0.00327380952380952
D2MIT206,Tb.N,0.20426718427387,0.0498589163984629,4.09690380435478,3.30687830687831e-05,0.00330687830687831
D14Mit68,BV.CORTICAL,0.467966128098076,0.114253813873794,4.0958468888837,3.30687830687831e-05,0.00330687830687831
D13Mit125,C.Th,0.402721632974767,0.0983376336256707,4.0952951390691,3.30687830687831e-05,0.00330687830687831
D13Mit88,pctFat,-0.277031444320622,0.0676500070703929,4.09506896329453,0.000165343915343915,0.0165343915343915
D14Mit68,BMD.g.cm2,0.438646924156489,0.107322953997246,4.08716782215804,3.30687830687831e-05,0.00330687830687831
D13Mit16,peri.c,-0.477525773137879,0.116900512938511,4.0848903151439,0.000198412698412698,0.0198412698412698
D19Mit40,BV.TV.TRABECULAR,-0.254604098300304,0.0624014952678702,4.08009611319997,3.30687830687831e-05,0.00327380952380952
D19Mit40,ROI.L2.4.BMD,-0.184478526144759,0.0453479694318563,4.06806585732515,3.30687830687831e-05,0.00327380952380952
D14Mit68,BV.TV.TRABECULAR,0.235364959852978,0.0578640003985813,4.06755423461439,3.30687830687831e-05,0.00330687830687831
D13Mit16,D17Mit39,-0.605338412348198,0.148863543140794,4.06639798822788,0,0
D10MIT96,peri.c,-0.48991285265065,0.120497526274626,4.06575029211876,0.000198412698412698,0.0198412698412698
D5MIT88,STIFFNESS,0.480707150733041,0.118240348824111,4.06550856381621,0.000165343915343915,0.0165343915343915
D10MIT96,TV,-0.514358852126495,0.126529618218388,4.06512608959841,0.000198412698412698,0.0198412698412698
D5MIT88,body.weight,0.415177965882857,0.102137630689727,4.06488737871823,0.000165343915343915,0.0165343915343915
D5MIT88,Femur.Length,0.438251841706431,0.107885122063306,4.06220833164806,0.000165343915343915,0.0165343915343915
D10Mit126,BMD.g.cm2,-0.446884417359126,0.110106272047165,4.05866449794704,3.30687830687831e-05,0.00330687830687831
D5MIT88,pctFat,0.306352652121004,0.0754841443050999,4.05850334452696,0.000165343915343915,0.0165343915343915
D19Mit40,Tb.Th,-0.29038852248685,0.0716010815971568,4.05564435633304,3.30687830687831e-05,0.00327380952380952
D2MIT206,pctFat,0.282506596064812,0.0696600906905143,4.05550141069915,0.000165343915343915,0.0165343915343915
D14Mit68,ROI.L2.4.BMD,0.170573300904971,0.0420653749080438,4.05495734384514,3.30687830687831e-05,0.00330687830687831
D18Mit147,pctFat,0.29182693000878,0.0720279208066397,4.05158064734639,0.000165343915343915,0.0162037037037037
D18Mit9,pctFat,0.280271783387869,0.0691834303184173,4.0511403105905,0.000165343915343915,0.0165343915343915
D17Mit39,cort.thick,0.313842709738851,0.077489168530785,4.05014940396692,0,0
D10Mit77,pctFat,-0.299011633960002,0.0738521201031642,4.04878876249337,0.000165343915343915,0.0165343915343915
D14Mit68,Tb.Th,0.268527205696229,0.0664285567676085,4.04234592414277,3.30687830687831e-05,0.00330687830687831
D14Mit5,D16Mit5,-1.16111143124035,0.287242151644902,4.04227382572928,0,0
D9Mit1006,D17MIT175,-0.608784221647088,0.150818688987163,4.03653039113014,0,0
D11Mit213,TV,-0.477958235766553,0.118422764691381,4.03603341817049,0.000231481481481481,0.0231481481481482
D9Mit259,C.Th,-0.421089024852388,0.104333304090337,4.03599817454059,3.30687830687831e-05,0.00330687830687831
D19Mit40,Final.IGF.1,-0.193932603372938,0.0480520686154732,4.03588459270805,3.30687830687831e-05,0.00327380952380952
D19MIT17,peri.c,-0.449827948269983,0.111536618332873,4.03300687248293,0.000198412698412698,0.0198412698412698
D6Mit86,pctFat,-0.299438912324471,0.0743063351793403,4.02978981000432,0.000198412698412698,0.0198412698412698
D10Mit126,D6Mit74,-0.865012043380149,0.214656977568688,4.02974109287155,0,0
D4Mit15,D14Mit68,-1.39154489168964,0.345396789102429,4.02882984322409,0,0
D18Mit64,BV.TV,0.462046787053502,0.114717880778578,4.02767889292967,3.30687830687831e-05,0.00327380952380952
D5MIT88,peri.c,0.501373189375733,0.12449654656284,4.02720559901366,0.000198412698412698,0.0198412698412698
D14Mit68,Final.IGF.1,0.179190296925156,0.0445145019771953,4.02543640759938,3.30687830687831e-05,0.00330687830687831
D6Mit86,Femur.Length,-0.427532547260824,0.106209419563686,4.02537316386013,0.000198412698412698,0.0198412698412698
D14Mit75,BMD.g.cm2,0.421848903892651,0.104821745417003,4.02444075143422,6.61375661375661e-05,0.00661375661375661
D10MIT96,STIFFNESS,-0.460423498448078,0.1144651669643,4.0223896112577,0.000198412698412698,0.0198412698412698
D18Mit147,Femur.Length,0.413718977024628,0.10296393826861,4.01809588853651,0.000198412698412698,0.0194444444444444
D6Mit86,body.weight,-0.404061684206553,0.100560646235814,4.01808957411663,0.000165343915343915,0.0165343915343915
D14Mit5,Tb.Th,0.282137021749432,0.0702749105547331,4.01476173391486,3.30687830687831e-05,0.00327380952380952
D10MIT96,body.weight,-0.39690101485451,0.0988781647822139,4.01404107498063,0.000198412698412698,0.0198412698412698
D10Mit77,Femur.Length,-0.423700701858811,0.105560085260006,4.013834403555,0.000198412698412698,0.0198412698412698
D17Mit164,ROI.L2.4.BMD,-0.172281529992671,0.0429232815292853,4.01370826867299,3.30687830687831e-05,0.00330687830687831
D5MIT88,TV,0.524719595504945,0.130733564307054,4.01365631149269,0.000231481481481481,0.0231481481481482
D6Mit86,STIFFNESS,-0.467168755432352,0.116421627323972,4.0127317077637,0.000198412698412698,0.0198412698412698
D2MIT206,Femur.Length,0.399565657899949,0.0995778695520781,4.01259496409471,0.000198412698412698,0.0198412698412698
sex,BMD.g.cm2,0.291526756697643,0.0727019089987147,4.00989135928737,6.61375661375661e-05,0.00661375661375661
D8Mit124,BV.CORTICAL,-0.403407675091694,0.100615483259405,4.00939956777462,6.61375661375661e-05,0.00661375661375661
D9Mit259,Tb.N,-0.210264967562915,0.0524584520731588,4.00821906200509,3.30687830687831e-05,0.00330687830687831
D19Mit40,endo.c,-0.528876309958093,0.132092961575558,4.0038190048118,0.000132275132275132,0.0130952380952381
D18Mit147,STIFFNESS,0.436986714858405,0.109158179900157,4.00324295676331,0.000231481481481481,0.0226851851851852
D18Mit147,body.weight,0.377163959401984,0.0942884358926413,4.00010834659969,0.000231481481481481,0.0226851851851852
D10MIT96,Femur.Length,-0.41762447042622,0.104444902789125,3.9985146165477,0.000198412698412698,0.0198412698412698
D18Mit9,Femur.Length,0.395460129479796,0.0989057084698803,3.99835495440817,0.000198412698412698,0.0198412698412698
D19MIT17,TV,-0.467992733025282,0.117119060195139,3.99587165612097,0.000264550264550265,0.0264550264550265
D12MIT133,BV.TV,0.425691708317662,0.106601884507162,3.99328501823121,3.30687830687831e-05,0.00330687830687831
D18Mit147,peri.c,0.459013758438256,0.114992874629847,3.99167130933795,0.000264550264550265,0.0259259259259259
D1Mit236,BMD.g.cm2,0.506741267848529,0.126997457208491,3.99016861429449,9.92063492063492e-05,0.00992063492063492
D19Mit40,C.Th,-0.397871351497557,0.0998074499177519,3.98638931087238,3.30687830687831e-05,0.00327380952380952
D9Mit1001,BV.TV.TRABECULAR,-0.259579176778084,0.0651262991721334,3.98578116794259,3.30687830687831e-05,0.00330687830687831
D18Mit123,cort.thick,0.408987983269685,0.102645327948827,3.98447734000697,0,0
D10MIT96,pctFat,-0.291171388310542,0.0730785536290458,3.98436167454214,0.000198412698412698,0.0198412698412698
D14Mit5,ROI.L2.4.BMD,0.17727177565923,0.044504621860455,3.98322170256986,3.30687830687831e-05,0.00327380952380952
D18Mit147,TV,0.480933599253438,0.120765006326217,3.98239203461236,0.000264550264550265,0.0259259259259259
D2Mit395,pQCT.fem.dens,0.341322974302644,0.0857157734861833,3.98203224938129,0,0
D9Mit12,Final.IGF.1,-0.178478543827524,0.0448655911659048,3.97807181827925,3.30687830687831e-05,0.00330687830687831
D3MIT178,pctFat,0.273962439542539,0.0688744924522637,3.97770538537791,0.000198412698412698,0.0198412698412698
D19Mit40,Tb.N,-0.199575752500065,0.0501737358167127,3.97769369275444,3.30687830687831e-05,0.00327380952380952
D14Mit68,C.Th,0.367547713306102,0.0924178494933293,3.97702083873561,3.30687830687831e-05,0.00330687830687831
D18Mit147,BV.TV,0.391213357598924,0.0983924548210972,3.97605038221935,3.30687830687831e-05,0.00324074074074074
D10Mit126,BV.CORTICAL,-0.466015344166578,0.117214869238838,3.97573573380883,9.92063492063492e-05,0.00992063492063492
D14Mit75,BV.CORTICAL,0.443193039155937,0.111565492884608,3.9724921003516,9.92063492063492e-05,0.00992063492063492
D5Mit200,peri.c,0.44354703644205,0.111695997864037,3.97101995527145,0.000264550264550265,0.0264550264550265
D5Mit200,TV,0.46568593877499,0.117315080313235,3.9695317731667,0.000264550264550265,0.0264550264550265
D10Mit77,body.weight,-0.396696180726843,0.0999457188161807,3.96911629057812,0.000231481481481481,0.0231481481481482
D3MIT178,Femur.Length,0.390714648315366,0.0984476227729318,3.96875655612878,0.000198412698412698,0.0198412698412698
D14Mit68,Tb.N,0.184359351037943,0.0464558368527947,3.96848627702318,3.30687830687831e-05,0.00330687830687831
D10Mit126,pQCT.fem.dens,-0.457288155136766,0.115261526942909,3.96739629662611,0,0
D2MIT206,body.weight,0.373224299972751,0.0942935379676556,3.95811110726138,0.000231481481481481,0.0231481481481482
D11Mit213,peri.c,-0.446603916805936,0.112877489896441,3.95653657089356,0.000264550264550265,0.0264550264550265
D3MIT178,body.weight,0.368750071149334,0.0932143495105871,3.95593675314391,0.000231481481481481,0.0231481481481482
D16Mit132,pQCT.fem.dens,0.528246327144864,0.133552060500612,3.95535887027698,0,0
D8Mit292,STIFFNESS,-0.444677475140214,0.11245880487274,3.95413658933527,0.000231481481481481,0.0231481481481482
D3MIT178,STIFFNESS,0.425983662455929,0.107918590338417,3.94726859496689,0.000231481481481481,0.0231481481481482
D13Mit88,Tb.Th,0.271888208813029,0.06889262651277,3.94655019812072,6.61375661375661e-05,0.00661375661375661
D16Mit60,BMD.g.cm2,0.355346421279118,0.0901052268030348,3.94368266844148,9.92063492063492e-05,0.00992063492063492
D17Mit164,D19MIT17,-1.26040596043912,0.319663812127329,3.94291099781126,0,0
D10Mit77,STIFFNESS,-0.456046778526951,0.115709616781173,3.94130402652197,0.000231481481481481,0.0231481481481482
D6Mit14,BV.TV,0.430965725385515,0.109450778379184,3.9375300182194,3.30687830687831e-05,0.00330687830687831
D14Mit68,D16Mit5,-1.06193538704291,0.269929440285932,3.93412213917094,0,0
D5Mit200,STIFFNESS,0.416811613739689,0.1059664207821,3.93343108754031,0.000231481481481481,0.0231481481481482
D13Mit125,Final.IGF.1,0.18628447282856,0.0473710843398595,3.9324511022817,3.30687830687831e-05,0.00330687830687831
D18Mit9,body.weight,0.368281178943332,0.0936683882438865,3.93175526821739,0.000231481481481481,0.0231481481481482
D15Mit242,pQCT.fem.dens,-0.457501197274485,0.116468930767473,3.92809648255357,0,0
D14Mit68,pctFat,0.27785003627077,0.0707674844511039,3.92623870165609,0.000231481481481481,0.0231481481481482
D5Mit200,body.weight,0.359302981793829,0.0915271439537212,3.9256439813691,0.000231481481481481,0.0231481481481482
D2MIT206,STIFFNESS,0.428448347029894,0.109174592179904,3.92443276842174,0.000231481481481481,0.0231481481481482
D8MIT75,ROI.L2.4.BMD,0.175495965268459,0.0447303228389682,3.92342272825203,9.92063492063492e-05,0.00992063492063492
D18Mit64,cort.thick,0.410601318727545,0.104692712955877,3.92196655464067,3.30687830687831e-05,0.00327380952380952
D6Mit86,peri.c,-0.47988111688377,0.122671791162653,3.91191089928315,0.000297619047619048,0.0297619047619048
D5Mit200,Femur.Length,0.378057899856452,0.0966639734585971,3.91105275657203,0.000231481481481481,0.0231481481481482
D14Mit5,BV.TV.TRABECULAR,0.239136536338205,0.0612304074073159,3.9055192748829,6.61375661375661e-05,0.00654761904761905
D14Mit68,Femur.Length,0.394808837842534,0.101117091406932,3.90447185880457,0.000231481481481481,0.0231481481481482
D7Mit75,pctFat,0.270613547963728,0.0693446968941472,3.90244041843333,0.000231481481481481,0.0231481481481482
D18Mit123,peri.c,0.42385075938406,0.108633403062674,3.90166143593537,0.000330687830687831,0.0327380952380952
D8Mit292,body.weight,-0.378997165969248,0.0971567559809483,3.90088329054098,0.000231481481481481,0.0231481481481482
D5Mit200,pctFat,0.263582125891303,0.067625716090426,3.89766114326765,0.000231481481481481,0.0231481481481482
D3MIT178,BV.CORTICAL,0.43193763463032,0.110903154285211,3.89472812936861,0.000165343915343915,0.0165343915343915
D17MIT175,Final.IGF.1,-0.183417490222459,0.0470979745570795,3.89438170000644,3.30687830687831e-05,0.00330687830687831
D8Mit200,D17Mit20,-0.715922731415082,0.183849166094096,3.8940765771473,0,0
D8Mit124,pQCT.fem.dens,0.480091391359204,0.123339544776092,3.89243686792222,0,0
D18Mit9,STIFFNESS,0.42199328786033,0.108459045861733,3.89080767314051,0.000231481481481481,0.0231481481481482
D6Mit86,TV,-0.50098494244795,0.128834542906996,3.88859176385332,0.000297619047619048,0.0297619047619048
D18Mit64,pctFat,0.279286341366924,0.071944871890873,3.88194924845442,0.000231481481481481,0.0229166666666667
D11Mit2,D1Mit236,-1.0154293178882,0.261683967932912,3.88036502927273,0,0
D14Mit68,body.weight,0.370926976466355,0.095697172899977,3.87604947174405,0.000231481481481481,0.0231481481481482
D1Mit17,D1Mit14,-0.612967671207107,0.158153763944504,3.87577036372145,0,0
D3Mit60,D6Mit52,-1.14736478541824,0.296274291495959,3.87264375732677,0,0
D3Mit230,TV,0.463585463823714,0.119723152699757,3.87214547370213,0.000330687830687831,0.0330687830687831
D6Mit14,cort.thick,0.387248140277632,0.100021270925074,3.87165786533268,3.30687830687831e-05,0.00330687830687831
D9Mit90,Tb.Th,-0.272147169600634,0.0703057477374944,3.87090925505507,9.92063492063492e-05,0.00992063492063492
D19MIT17,Tb.Th,-0.265908656654384,0.0686995977474584,3.87059990703107,9.92063492063492e-05,0.00992063492063492
D8Mit200,STIFFNESS,-0.480221150811217,0.12409481591769,3.86979220090661,0.000264550264550265,0.0264550264550265
D1Mit64,D11Mit214,-0.912912818849534,0.235954982105767,3.86901268497192,0,0
D1Mit386,D11Mit213,-0.750922500572883,0.194391388176505,3.86294119105242,0,0
D14Mit68,BV.TV,0.426733028882795,0.110476365189222,3.86266354936547,3.30687830687831e-05,0.00330687830687831
D2Mit395,D4MIT104,-0.997677140525232,0.258346962702957,3.86177228517428,0,0
D6Mit86,BV.CORTICAL,-0.462118561555688,0.119669257955514,3.86163137844038,0.000198412698412698,0.0198412698412698
D1Mit236,BV.CORTICAL,0.522043552089514,0.135193665061264,3.8614498087092,0.000198412698412698,0.0198412698412698
D18Mit64,Femur.Length,0.396796867304572,0.102832705032286,3.85866410088103,0.000231481481481481,0.0229166666666667
D14Mit68,cort.thick,0.388731494522669,0.100745388425695,3.85855373230685,3.30687830687831e-05,0.00330687830687831
D14Mit68,STIFFNESS,0.427322441423632,0.110760452798223,3.85807777620865,0.000264550264550265,0.0264550264550265
D3MIT178,BMD.g.cm2,0.401984010955996,0.104196135576951,3.85795508374804,9.92063492063492e-05,0.00992063492063492
D7Mit75,Femur.Length,0.382239623390036,0.0991135210252163,3.85658404056483,0.000231481481481481,0.0231481481481482
D10MIT96,endo.c,-0.461819834755183,0.119879853172074,3.85235569226377,0.000132275132275132,0.0132275132275132
D8Mit124,BMD.g.cm2,-0.364097176439937,0.0945278857294762,3.85174357418641,9.92063492063492e-05,0.00992063492063492
D3Mit60,TV,0.56324107648515,0.146299400401423,3.84992060760129,0.000330687830687831,0.0330687830687831
D4Mit42,peri.c,0.416256502105253,0.108188894801526,3.84749749841589,0.000330687830687831,0.0330687830687831
D18Mit9,pQCT.fem.dens,0.439106990532987,0.114157378667759,3.84650554924667,0,0
D17MIT175,D4MIT104,-1.12289325720456,0.292013924139172,3.84534148676211,0,0
D4MIT104,BMD.g.cm2,0.431888090162977,0.112410566198579,3.84205955692834,9.92063492063492e-05,0.00992063492063492
D2MIT285,D4Mit170,-0.57510510567625,0.149751587513955,3.84039405006413,0,0
D18Mit123,TV,0.437938418749725,0.114116385111396,3.83764713824598,0.000330687830687831,0.0327380952380952
D13Mit16,D12Mit5,-1.41645547789033,0.369311654717692,3.83539338603624,0,0
D6Mit14,pQCT.fem.dens,0.432617465502517,0.112799331345124,3.83528395375741,0,0
D16Mit60,BV.CORTICAL,0.367738043786495,0.0959085338795011,3.83425779658481,0.000198412698412698,0.0198412698412698
D4MIT104,BV.CORTICAL,0.458623427044978,0.119651720214173,3.8329864896556,0.000198412698412698,0.0198412698412698
D18Mit147,cort.thick,0.344546162294748,0.0898904753026609,3.83295517277735,3.30687830687831e-05,0.00324074074074074
D18Mit64,body.weight,0.37273300688765,0.0973618391524149,3.82832750626409,0.000264550264550265,0.0261904761904762
D8Mit200,body.weight,-0.41025076652496,0.107228802116554,3.82593816611912,0.000264550264550265,0.0264550264550265
D3Mit60,peri.c,0.532730021750709,0.139291704993313,3.82456386599823,0.000330687830687831,0.0330687830687831
D9Mit253,Tb.Th,-0.262079451452332,0.0685327141749848,3.82415105847353,9.92063492063492e-05,0.00992063492063492
D8MIT75,Tb.Th,0.270270268477834,0.0706777520499098,3.82397940849872,9.92063492063492e-05,0.00992063492063492
D3Mit230,peri.c,0.435213563936183,0.113934173204313,3.81986854072076,0.000330687830687831,0.0330687830687831
D3Mit60,endo.c,0.549077930722443,0.143770483271906,3.81912836506224,0.000198412698412698,0.0198412698412698
D6Mit86,BMD.g.cm2,-0.429025619854763,0.11243071923252,3.81591101420857,0.000231481481481481,0.0231481481481482
D1Mit64,BV.TV.TRABECULAR,0.235605687127477,0.0617908793107257,3.81295249000577,9.92063492063492e-05,0.00992063492063492
D3MIT178,peri.c,0.433611576735084,0.113737900415143,3.81237542764904,0.000330687830687831,0.0330687830687831
D17Mit76,Tb.N,0.185817002695363,0.0487419244931707,3.81226233119699,3.30687830687831e-05,0.00327380952380952
D8Mit292,Femur.Length,-0.39115004442545,0.102646272538039,3.81065999528134,0.000264550264550265,0.0264550264550265
D15MIT143,C.Th,0.362744921633707,0.0952109159741552,3.80990895762596,6.61375661375661e-05,0.00661375661375661
D16Mit132,cort.thick,0.452539865741007,0.118799480022844,3.80927480199398,3.30687830687831e-05,0.00330687830687831
D18Mit64,STIFFNESS,0.429359825363532,0.112717059445432,3.80918227884919,0.000264550264550265,0.0261904761904762
D4Mit170,D2Mit395,-1.2542378286263,0.32937470371558,3.80793611190419,0,0
D1Mit64,Final.IGF.1,0.181588370617246,0.0476919968956528,3.80752290608737,6.61375661375661e-05,0.00661375661375661
D14Mit68,TV,0.45563945635303,0.119717250066654,3.80596326844582,0.000330687830687831,0.0330687830687831
D19MIT17,ROI.L2.4.BMD,-0.165538065392785,0.0435078886312123,3.80478277849662,9.92063492063492e-05,0.00992063492063492
D17Mit20,Tb.Th,-0.278947344145376,0.0734289657457578,3.7988733916151,9.92063492063492e-05,0.00982142857142857
D7Mit75,body.weight,0.356448059395771,0.0938372157241425,3.79857881166932,0.000264550264550265,0.0264550264550265
D11Mit2,BMD.g.cm2,0.427316282948461,0.11264620646199,3.79343695957173,0.000231481481481481,0.0231481481481482
D1Mit7,D7Mit228,-1.58092086202262,0.41734161147223,3.7880738909444,0,0
D14Mit68,peri.c,0.431707094219962,0.114005176888568,3.78673237481071,0.000330687830687831,0.0330687830687831
D1Mit64,ROI.L2.4.BMD,0.169867943101606,0.0448665029052063,3.7860749579815,9.92063492063492e-05,0.00992063492063492
D3MIT178,TV,0.452002622156729,0.119456702197465,3.78381969233972,0.000363756613756614,0.0363756613756614
D3MIT131,endo.c,0.456113235698449,0.120572366575876,3.78290025029423,0.000231481481481481,0.0231481481481482
D18Mit4,BV.TV.TRABECULAR,0.245362866143542,0.0649010920056672,3.78056606693331,9.92063492063492e-05,0.00992063492063492
D14Mit68,pQCT.fem.dens,0.427247720295559,0.113045508289712,3.77943119332625,6.61375661375661e-05,0.00661375661375661
D11Mit214,pQCT.fem.dens,0.462666816812832,0.122433482403385,3.77892393265814,6.61375661375661e-05,0.00661375661375661
D9Mit12,C.Th,-0.352646278755164,0.0933270305336104,3.77860815606003,9.92063492063492e-05,0.00992063492063492
D1Mit64,C.Th,0.374444617495081,0.0991652486197351,3.77596610412331,9.92063492063492e-05,0.00992063492063492
D19MIT88,Tb.Th,-0.273437942986544,0.0724990793288021,3.77160572959048,9.92063492063492e-05,0.00982142857142857
D1Mit64,Tb.N,0.187965170657385,0.0498587425719193,3.76995409353239,9.92063492063492e-05,0.00992063492063492
D1Mit236,D11Mit213,-0.653149949741434,0.173364800963437,3.76748882190441,0,0
D18Mit4,ROI.L2.4.BMD,0.177692390860129,0.0471680826678472,3.76721674509054,9.92063492063492e-05,0.00992063492063492
D1Mit64,Tb.Th,0.266736777162537,0.0708143361921282,3.76670588902856,9.92063492063492e-05,0.00992063492063492
D15MIT143,Tb.N,0.180256026666509,0.0478674396348499,3.76573361854252,9.92063492063492e-05,0.00992063492063492
D7Mit75,STIFFNESS,0.408772574500528,0.108634147753732,3.76283685151371,0.000330687830687831,0.0330687830687831
D19MIT88,ROI.L2.4.BMD,-0.172725825654044,0.0459151468958495,3.76184848206719,9.92063492063492e-05,0.00982142857142857
D9Mit90,ROI.L2.4.BMD,-0.167474364401944,0.0445205314634228,3.76173326995293,9.92063492063492e-05,0.00992063492063492
D17Mit76,C.Th,0.364582500514502,0.0969686828854785,3.75979635554171,9.92063492063492e-05,0.00982142857142857
D18Mit4,Tb.Th,0.279636693844648,0.0744774539680161,3.7546489433532,9.92063492063492e-05,0.00992063492063492
D9Mit1006,Final.IGF.1,-0.187610433315742,0.0499947584279473,3.75260205699618,9.92063492063492e-05,0.00992063492063492
D8Mit200,Femur.Length,-0.425117704310754,0.113319797222552,3.75148663102401,0.000297619047619048,0.0297619047619048
D4Mit42,TV,0.425976862715721,0.113552637294521,3.75136036348381,0.000363756613756614,0.0363756613756614
D9Mit12,Tb.N,-0.175890200894753,0.0469262432218086,3.74822676648893,9.92063492063492e-05,0.00992063492063492
D19Mit68,endo.c,-0.458595442409573,0.122364315436735,3.74778742293277,0.000231481481481481,0.0231481481481482
D18Mit4,Final.IGF.1,0.187120633422908,0.049966276499944,3.74493851714402,9.92063492063492e-05,0.00992063492063492
D12Mit169,pQCT.fem.dens,-0.443893899094436,0.118575874125319,3.74354313108667,6.61375661375661e-05,0.00654761904761905
D5MIT88,BV.CORTICAL,0.455304295440287,0.121631064791221,3.743322449917,0.000363756613756614,0.0363756613756614
D11Mit188,BMD.g.cm2,0.402616170596186,0.107570572516068,3.74280959168499,0.000297619047619048,0.0297619047619048
D3Mit57,BV.CORTICAL,0.41466626843012,0.110802526433101,3.74239001382774,0.000363756613756614,0.0363756613756614
D14Mit5,pctFat,0.258863700838823,0.0692030232142248,3.7406415040205,0.000297619047619048,0.0294642857142857
D19Mit68,pQCT.fem.dens,0.440357413239615,0.117836756664717,3.73701233557006,6.61375661375661e-05,0.00661375661375661
D8Mit292,pctFat,-0.268339518198029,0.0718306690230039,3.7357234987202,0.000297619047619048,0.0297619047619048
D19MIT88,BV.TV.TRABECULAR,-0.235617732897224,0.0631771384406573,3.72947776225321,9.92063492063492e-05,0.00982142857142857
D19MIT17,endo.c,-0.427014015025031,0.114535962627243,3.72820907276735,0.000231481481481481,0.0231481481481482
D6Mit74,Tb.Th,-0.244031969627415,0.065541614401293,3.72331337664762,0.000132275132275132,0.0132275132275132
D16Mit132,BV.TV,0.483907649831185,0.130158501332728,3.7178336019263,6.61375661375661e-05,0.00661375661375661
D8Mit292,Tb.N,0.191878569719123,0.0516854625187634,3.71242822194858,9.92063492063492e-05,0.00992063492063492
D14Mit5,Femur.Length,0.366798232060841,0.0989045392202297,3.70860867410843,0.000330687830687831,0.0327380952380952
D18Mit4,cort.thick,0.376450901450333,0.101553611181818,3.70691792314847,3.30687830687831e-05,0.00330687830687831
D17Mit164,BV.TV.TRABECULAR,-0.219232914452436,0.0591444698367876,3.70673564337328,9.92063492063492e-05,0.00992063492063492
D6Mit14,BMD.g.cm2,0.388489475191906,0.104813108553073,3.70649702651639,0.000396825396825397,0.0396825396825397
D18Mit4,C.Th,0.384098669170384,0.103773201216056,3.70132813355819,9.92063492063492e-05,0.00992063492063492
D3MIT131,TV,0.449882821906399,0.121554234361659,3.70108720826513,0.00042989417989418,0.042989417989418
D18Mit4,BV.TV,0.411738337879363,0.111344761592775,3.69786896113917,6.61375661375661e-05,0.00661375661375661
D14MIT60,pctFat,0.255575434226839,0.069115824649126,3.6977846321634,0.000330687830687831,0.0327380952380952
D9Mit253,ROI.L2.4.BMD,-0.160341576290391,0.0433909262113771,3.69527895093304,0.000132275132275132,0.0132275132275132
D18Mit4,Tb.N,0.192682253506248,0.052166583244107,3.69359543071118,9.92063492063492e-05,0.00992063492063492
D1Mit540,pctFat,0.269778210749974,0.0730580646258449,3.69265476893755,0.000330687830687831,0.0330687830687831
D8Mit200,pctFat,-0.292641941004852,0.079317286942835,3.68951022260459,0.000330687830687831,0.0330687830687831
D14MIT60,Femur.Length,0.36416164165794,0.0987890731112476,3.6862542606089,0.000330687830687831,0.0327380952380952
D1Mit7,BV.TV.TRABECULAR,0.221359076921762,0.0600815922081547,3.68430776859002,9.92063492063492e-05,0.00992063492063492
D19Mit40,BV.TV,-0.409091519095413,0.111070094084172,3.68318333092788,6.61375661375661e-05,0.00654761904761905
D5MIT88,BMD.g.cm2,0.42082772678093,0.114269303963354,3.68277141966217,0.00042989417989418,0.042989417989418
D6Mit74,ROI.L2.4.BMD,-0.158597113570905,0.0430851704873641,3.6810139492756,0.000132275132275132,0.0132275132275132
D14MIT60,BV.CORTICAL,0.409755554357221,0.111320972819603,3.68084776820299,0.000396825396825397,0.0392857142857143
D17Mit76,BV.CORTICAL,-0.427454521796067,0.116151147413547,3.68015754742526,0.000396825396825397,0.0392857142857143
D3Mit57,BMD.g.cm2,0.383138676160762,0.104109378148006,3.6801552653218,0.00042989417989418,0.042989417989418
D3Mit230,pQCT.fem.dens,-0.42915264510292,0.116720525801348,3.67675387132262,6.61375661375661e-05,0.00661375661375661
D9Mit12,endo.c,-0.443205434579386,0.120546918454598,3.67662185198298,0.000264550264550265,0.0264550264550265
D3MIT131,peri.c,0.425380249055412,0.115742886428741,3.67521721792642,0.00042989417989418,0.042989417989418
D12Mit169,endo.c,0.447047182607985,0.121662107497688,3.67449809807445,0.000264550264550265,0.0261904761904762
D18Mit123,pQCT.fem.dens,0.424566757044303,0.1155968897915,3.67282162876603,9.92063492063492e-05,0.00982142857142857
D14MIT60,body.weight,0.343305655499413,0.0935333349760039,3.67040965221104,0.00042989417989418,0.0425595238095238
D8Mit292,C.Th,0.37730074094688,0.102822405291964,3.66944091490113,9.92063492063492e-05,0.00992063492063492
D5Mit95,TV,-0.457628356045844,0.124740127265898,3.66865391335025,0.00042989417989418,0.042989417989418
D10MIT96,BV.CORTICAL,-0.438816009397953,0.119621440384232,3.66837255920384,0.00042989417989418,0.042989417989418
D14Mit5,body.weight,0.343405530532979,0.0936313683898901,3.6676333630307,0.00042989417989418,0.0425595238095238
D17Mit39,BV.TV,0.311468435566057,0.0849773711205366,3.66531032272407,6.61375661375661e-05,0.00648148148148148
D11Mit214,cort.thick,0.399722964885208,0.109063661331472,3.66504259993938,9.92063492063492e-05,0.00992063492063492
D18Mit4,pQCT.fem.dens,0.417380140415844,0.113990804458873,3.66152465014344,9.92063492063492e-05,0.00992063492063492
D14MIT60,STIFFNESS,0.396322274346929,0.108284750682612,3.66000080203879,0.000462962962962963,0.0458333333333333
D5Mit95,peri.c,-0.434423268610342,0.118773445723092,3.65757906546851,0.000462962962962963,0.0462962962962963
D19MIT17,BV.TV.TRABECULAR,-0.218940387015015,0.0598618670186313,3.65742663767691,0.000132275132275132,0.0132275132275132
D17MIT175,cort.thick,0.363557674289757,0.0994606410684076,3.65529188616135,9.92063492063492e-05,0.00992063492063492
D14MIT60,BMD.g.cm2,0.382053489598857,0.104586635498292,3.65298575461963,0.000462962962962963,0.0458333333333333
D9Mit90,pQCT.fem.dens,0.372023407362323,0.101848396095361,3.65271738804799,9.92063492063492e-05,0.00992063492063492
D14Mit5,Final.IGF.1,0.17208008593606,0.0471277627866772,3.65135274328588,0.000132275132275132,0.0130952380952381
D11Mit2,BV.CORTICAL,0.437661061261165,0.119916737989531,3.6497078606272,0.00042989417989418,0.042989417989418
D14Mit5,STIFFNESS,0.394772758912759,0.108390016118228,3.64215056931218,0.000462962962962963,0.0458333333333333
D14Mit68,endo.c,0.425641161711342,0.1169856618987,3.63840452584618,0.000297619047619048,0.0297619047619048
D6Mit14,BV.CORTICAL,0.405211712923169,0.111562323295957,3.63215556069238,0.000462962962962963,0.0462962962962963
D17Mit164,pQCT.fem.dens,0.418244438513821,0.115192650535152,3.63082572169994,9.92063492063492e-05,0.00992063492063492
D3Mit60,Tb.Th,0.326514064958362,0.089936616039233,3.6304908872258,0.000198412698412698,0.0198412698412698
D3Mit60,ROI.L2.4.BMD,0.206536081418554,0.0569304103991621,3.62786918222521,0.000198412698412698,0.0198412698412698
D8Mit200,Tb.N,0.205727772188672,0.0567138687156416,3.6274684984051,9.92063492063492e-05,0.00992063492063492
D17Mit20,ROI.L2.4.BMD,-0.168532866746451,0.0465142391911621,3.6232532161565,0.000198412698412698,0.0196428571428571
D1Mit540,Femur.Length,0.378091252666788,0.104391326151582,3.62186463765943,0.000496031746031746,0.0496031746031746
D3Mit60,STIFFNESS,0.420646976414799,0.116210313894643,3.61970433016952,0.000462962962962963,0.0462962962962963
D10MIT96,BMD.g.cm2,-0.406799644521099,0.112385794044355,3.61967140046676,0.000462962962962963,0.0462962962962963
D3Mit60,body.weight,0.362928782906221,0.100389821700416,3.61519501438377,0.000462962962962963,0.0462962962962963
D6Mit74,BV.TV.TRABECULAR,-0.214430457041771,0.0593156738245032,3.61507242885252,0.000198412698412698,0.0198412698412698
D3Mit60,BV.TV.TRABECULAR,0.28253867685228,0.0782461677812607,3.61089475515432,0.000231481481481481,0.0231481481481482
D11Mit188,BV.CORTICAL,0.468137229540855,0.129646109097322,3.61088529999335,0.000496031746031746,0.0496031746031746
D1Mit17,BMD.g.cm2,0.408361954100299,0.113137899116646,3.60941786340998,0.000496031746031746,0.0496031746031746
D3Mit60,Femur.Length,0.382436560193695,0.106048626465463,3.60623775092687,0.000496031746031746,0.0496031746031746
D10Mit77,peri.c,-0.439638030264771,0.12192033339093,3.60594511216678,0.000496031746031746,0.0496031746031746
D18Mit64,pQCT.fem.dens,0.424170850953066,0.117661464805806,3.60501079646712,9.92063492063492e-05,0.00982142857142857
D9Mit151,endo.c,-0.429752818425273,0.119277589996469,3.60296362827245,0.000330687830687831,0.0330687830687831
D19MIT88,endo.c,-0.438192563329559,0.121788213038931,3.59798828142331,0.000330687830687831,0.0327380952380952
D11Mit214,endo.c,-0.41429032280939,0.11520118123119,3.59623328842416,0.000330687830687831,0.0330687830687831
D15MIT80,endo.c,0.434636270901279,0.120965925693206,3.59304711976167,0.000363756613756614,0.0363756613756614
D8Mit200,C.Th,0.405483993435828,0.112876352780856,3.59228468537655,0.000132275132275132,0.0132275132275132
D11Mit214,BV.TV,0.429067145131289,0.119572879966078,3.58833161209309,0.000132275132275132,0.0132275132275132
D2MIT285,Femur.Length,0.357845436052615,0.0997589001928257,3.58710285860139,0.000496031746031746,0.0496031746031746
D19MIT88,Final.IGF.1,-0.174425249713535,0.0486390924713751,3.58611233990822,0.000165343915343915,0.0163690476190476
D12MIT133,endo.c,-0.335187913423162,0.0935225547806065,3.58403290211089,0.000396825396825397,0.0396825396825397
D8Mit92,STIFFNESS,-0.410799702122139,0.11481445284713,3.57794416935558,0.000496031746031746,0.0496031746031746
D8Mit92,body.weight,-0.354752837193974,0.0991604900275795,3.57756236476148,0.000496031746031746,0.0496031746031746
D8Mit92,Femur.Length,-0.374385206737502,0.10471057858862,3.57542868909512,0.000496031746031746,0.0496031746031746
D17MIT175,C.Th,-0.349528582416189,0.0978257309680023,3.57297184449883,0.000132275132275132,0.0132275132275132
D14Mit5,C.Th,0.356471184379629,0.100002453324707,3.56462439198536,0.000165343915343915,0.0163690476190476
D3Mit230,cort.thick,-0.369266041406056,0.103707255047679,3.56065774989694,0.000231481481481481,0.0231481481481482
D19Mit40,cort.thick,-0.360479127332941,0.101358075179894,3.55649144572991,0.000231481481481481,0.0229166666666667
D14Mit5,Tb.N,0.178632995815879,0.0502722798424619,3.55331002245493,0.000198412698412698,0.0196428571428571
D17Mit39,Tb.Th,-0.255238675792447,0.0718733487833475,3.55122837759834,0.000264550264550265,0.0259259259259259
D17Mit20,cort.thick,0.268241275609068,0.0759335976775771,3.53257693317854,0.000231481481481481,0.0229166666666667
D9Mit90,BV.TV.TRABECULAR,-0.215916636902311,0.061241108914865,3.52568137200895,0.000330687830687831,0.0330687830687831
D17MIT175,Tb.N,-0.173345992447951,0.0491775151625465,3.52490344164381,0.000264550264550265,0.0264550264550265
D8Mit124,cort.thick,0.389346488204347,0.110580274006591,3.52093980325226,0.000231481481481481,0.0231481481481482
D2MIT206,BV.TV,0.38984496384301,0.110765603831817,3.5195489426026,0.000264550264550265,0.0264550264550265
D3Mit57,pQCT.fem.dens,-0.399344870998091,0.11362526521361,3.51457811999244,0.000198412698412698,0.0198412698412698
D12Mit169,cort.thick,-0.370776221120274,0.10560272243071,3.51104794067744,0.000264550264550265,0.0261904761904762
D3Mit60,Final.IGF.1,0.210636449551439,0.0600541809410356,3.5074402189958,0.000264550264550265,0.0264550264550265
D19MIT88,C.Th,-0.35334623005924,0.101016876437148,3.49789305036659,0.000297619047619048,0.0294642857142857
D9Mit1006,C.Th,-0.363251616319075,0.103945258594926,3.49464344241678,0.000297619047619048,0.0297619047619048
D6Mit52,Tb.Th,0.247186777333387,0.0707616312766392,3.49323175390096,0.000396825396825397,0.0396825396825397
D3Mit230,BV.TV,-0.395649299490305,0.113560181826727,3.48404954206568,0.000363756613756614,0.0363756613756614
D19MIT88,Tb.N,-0.176908335636925,0.0507809884588216,3.48375132123275,0.000297619047619048,0.0294642857142857
D13Mit125,BV.TV.TRABECULAR,0.21435371848557,0.0615918788496217,3.48022697941916,0.000330687830687831,0.0330687830687831
D6Mit52,ROI.L2.4.BMD,0.155791805277896,0.0448214838332742,3.4758288203355,0.000396825396825397,0.0396825396825397
D12MIT133,Tb.N,0.168108746131901,0.0483814297106507,3.47465436919268,0.000297619047619048,0.0297619047619048
D15Mit242,cort.thick,-0.361674246032713,0.104327136019256,3.46673224084247,0.00042989417989418,0.042989417989418
D18Mit147,pQCT.fem.dens,0.402207436230511,0.116024771885975,3.46656519717865,0.000396825396825397,0.0388888888888889
D9Mit1006,Tb.N,-0.180608454203734,0.0522614578624222,3.45586329947365,0.000330687830687831,0.0330687830687831
D19Mit68,cort.thick,0.361509393685285,0.104651921776431,3.45439804208834,0.000496031746031746,0.0496031746031746
D12MIT133,C.Th,0.331877899792189,0.0962619634037101,3.44765354930832,0.000363756613756614,0.0363756613756614
D1Mit7,ROI.L2.4.BMD,0.150434121788651,0.0436822744237613,3.44382529923445,0.000496031746031746,0.0496031746031746
D3Mit60,C.Th,0.428057786710741,0.124544870282499,3.43697645466889,0.000363756613756614,0.0363756613756614
D3Mit60,Tb.N,0.214415440004944,0.0625951119803872,3.42543424272692,0.000363756613756614,0.0363756613756614
D16Mit5,Tb.N,0.171823291922941,0.0508523249534256,3.37886796877644,0.000462962962962963,0.0462962962962963
D16Mit5,C.Th,0.301479743059043,0.0892656824277641,3.37733084943374,0.000496031746031746,0.0496031746031746
D14MIT60,C.Th,0.34251497771382,0.101526779235788,3.37364171592949,0.000496031746031746,0.0491071428571429
D14MIT60,Tb.N,0.172044690974504,0.0510374856845136,3.37094762147948,0.000462962962962963,0.0458333333333333
