Source,Target,Effect,SE,|Effect|/SE,P_empirical,p.adjusted
D11MIT30,pQCT.fem.dens,0.803462109460658,0.0859077999285334,9.35260954335994,0,< 0.00323
D1Mit14,Tb.Th,0.596707762443419,0.0646744800118873,9.22632485539494,0,< 0.00323
D4Mit15,BV.CORTICAL,1.06564409550057,0.116646142389896,9.13569942106269,0,< 0.00323
D11MIT30,BV.TV,0.773860416026286,0.0857268005660848,9.0270535108765,0,< 0.00323
D1Mit540,Tb.Th,0.582913414700316,0.0646854722295301,9.01150435497951,0,< 0.00323
D1Mit14,pQCT.fem.dens,0.977827761814107,0.109358487990966,8.94148940587843,0,< 0.00323
D1Mit14,BV.TV.TRABECULAR,0.824768672311931,0.0947257929836635,8.70690702430088,0,< 0.00323
D4Mit170,BV.CORTICAL,1.03864247852681,0.121236447582897,8.56708109841823,0,< 0.00323
D1Mit540,pQCT.fem.dens,0.931811249704904,0.109261305434509,8.5282822312921,0,< 0.00323
D1Mit14,Tb.N,0.731586843042172,0.0863340474970142,8.47390877935467,0,< 0.00323
D1Mit540,BV.TV.TRABECULAR,0.800942651608252,0.0946477921650088,8.46234902354499,0,< 0.00323
D11MIT30,cort.thick,0.712812185271256,0.084550557246334,8.43060304374472,0,< 0.00323
D1Mit540,Tb.N,0.712758410379705,0.0862522856866185,8.26364663505125,0,< 0.00323
D4Mit15,STIFFNESS,0.877527099989377,0.106610642669846,8.23113976253683,0,< 0.00323
sex,pQCT.fem.dens,-0.62860629831913,0.0776120767504968,8.0993361424916,0,< 0.00323
D1Mit386,pQCT.fem.dens,0.913139164102907,0.114033768381221,8.00762069924965,0,< 0.00323
D8MIT75,cort.thick,0.641737778841488,0.0809133217509861,7.9311757934801,0,< 0.00323
D4Mit170,STIFFNESS,0.897275009877946,0.114063374550845,7.86646032007386,0,< 0.00323
D18Mit123,C.Th,0.777194304309583,0.0994434529005444,7.81543964575398,0,< 0.00323
D1Mit14,cort.thick,0.835379353443787,0.107847944099559,7.74589965917765,0,< 0.00323
D4Mit15,C.Th,0.864327078612386,0.111663107691461,7.74048919541654,0,< 0.00323
D18Mit147,C.Th,0.786506019503628,0.102196930552073,7.69598475467786,0,< 0.00323
D1Mit386,cort.thick,0.860645590487287,0.112236506083642,7.66814310707342,0,< 0.00323
D13Mit88,endo.c,-0.965417947358629,0.125988479421313,7.66274783053942,0,< 0.00323
D1Mit386,BV.TV,0.822621768748732,0.108187697649584,7.60365352642193,0,< 0.00323
D17MIT175,endo.c,-0.954098973923019,0.127901747317907,7.45962423446455,0,< 0.00323
D4Mit15,peri.c,0.81376417362281,0.109659854742977,7.42080295045187,0,< 0.00323
D4Mit15,BMD.g.cm2,0.793883877428486,0.107098050314719,7.4126828181799,0,< 0.00323
D17Mit20,endo.c,-0.82637612535187,0.112167748863447,7.36732379605748,0,< 0.00323
D14Mit75,Tb.N,0.621509724788638,0.0856530746631336,7.25612860055501,0,< 0.00323
D11Mit213,pQCT.fem.dens,0.62392932265356,0.0861279481479394,7.24421440508319,0,< 0.00323
D11Mit188,pQCT.fem.dens,0.764496867995242,0.106248541729212,7.1953633956093,0,< 0.00323
D17Mit39,endo.c,-0.885452685697761,0.123116540704614,7.19198801907679,0,< 0.00323
D4Mit170,BMD.g.cm2,0.793284437061825,0.111464971393223,7.11689445703347,0,< 0.00323
D11MIT30,C.Th,0.627443152462327,0.088603211175865,7.08149449817276,0,< 0.00323
D1Mit17,BV.TV,0.625198372166764,0.0884986564563125,7.06449563418393,0,< 0.00323
D17MIT175,peri.c,-0.787484359698832,0.111506221753009,7.06224592061909,0,< 0.00323
D17Mit76,endo.c,-0.860675539408154,0.121875593265556,7.06191876771272,0,< 0.00323
D1Mit236,cort.thick,0.751883395183996,0.107082575506183,7.02152886807043,0,< 0.00323
D11Mit2,cort.thick,0.676886143432905,0.096546079167613,7.0110163899848,0,< 0.00323
D8MIT75,endo.c,-0.8408772908139,0.120516539996125,6.97727706786914,0,< 0.00323
D8MIT75,pQCT.fem.dens,0.576985928688395,0.0827116309373209,6.97587415638844,0,< 0.00323
D4Mit170,Tb.Th,0.629502438380801,0.0902774218907944,6.97297757508283,0,< 0.00323
D8MIT75,C.Th,0.589509801020017,0.0846304169022908,6.96569652611578,0,< 0.00323
D18Mit147,cort.thick,0.684590375210895,0.0987900805701676,6.92974812106415,0,< 0.00323
D4Mit15,TV,0.778299183168281,0.113439860000538,6.86089689430672,0,< 0.00323
D17MIT175,TV,-0.79050429387422,0.115231438528765,6.86014427978256,0,< 0.00323
D4Mit15,BV.TV,0.587526089305123,0.0857364650455889,6.85269784557499,0,< 0.00323
D14Mit68,Tb.N,0.565755136112718,0.0827298049719169,6.83858902247826,0,< 0.00323
D1Mit14,endo.c,-0.817028121745556,0.119624136727012,6.82996044193033,0,< 0.00323
D4Mit170,C.Th,0.797612764972788,0.116831484480029,6.82703612406062,0,< 0.00323
D4Mit170,peri.c,0.798668696014604,0.117152629058164,6.81733480874835,0,< 0.00323
D11Mit188,cort.thick,0.710827031637027,0.104547331520558,6.79909301651811,0,< 0.00323
D11Mit213,cort.thick,0.762819126611982,0.112291281942257,6.79321772285261,0,< 0.00323
D14Mit75,BV.TV.TRABECULAR,0.638724869863249,0.0940596836515241,6.79063383021381,0,< 0.00323
D4Mit15,cort.thick,0.725658054658488,0.107304625540077,6.76259808005635,0,< 0.00323
D18Mit123,cort.thick,0.649130985230833,0.0959989617009166,6.7618542297696,0,< 0.00323
D1Mit386,endo.c,-0.849847501657672,0.126007215534259,6.74443521392327,0,< 0.00323
D1Mit17,Tb.Th,0.622290633428084,0.0923605609383511,6.73762293240565,0,< 0.00323
D17MIT175,STIFFNESS,-0.732536523144973,0.108856071587616,6.72940436359004,0,< 0.00323
D11Mit213,BV.TV,0.57850546408069,0.0860102840659439,6.72600341183795,0,< 0.00323
D1Mit540,endo.c,-0.804413346738312,0.120172233926003,6.69383700758728,0,< 0.00323
D9Mit90,endo.c,-0.809492148680646,0.121283613429125,6.67437360904235,0,< 0.00323
D4Mit42,BV.CORTICAL,0.796459487730754,0.119350514962072,6.67328069748049,0,< 0.00323
D18Mit123,BV.CORTICAL,0.696816409869531,0.10448164923492,6.66927077598846,0,< 0.00323
D4Mit15,Femur.Length,0.646238276379843,0.0973592012517587,6.63767027739629,0,< 0.00323
sex,Femur.Length,0.47762096741733,0.0719680150480705,6.63657274830085,0,< 0.00323
sex,endo.c,0.565977074600214,0.0855614488045779,6.61486081065439,0,< 0.00323
D17Mit39,TV,-0.838259153151836,0.126855245427663,6.60799756703665,0,< 0.00323
D1Mit17,BV.TV.TRABECULAR,0.649475082210563,0.0988439847212257,6.57070922466661,0,< 0.00323
D11Mit2,C.Th,0.658209123660578,0.100496572182001,6.54956790435154,0,< 0.00323
D11Mit2,pQCT.fem.dens,0.6473597440967,0.0988475638773826,6.54907130437459,0,< 0.00323
D4Mit15,pQCT.fem.dens,0.568336314422662,0.0868847248658007,6.54126850606359,0,< 0.00323
D1Mit540,cort.thick,0.727163657859167,0.111165701668775,6.54125910189272,0,< 0.00323
D13Mit16,cort.thick,0.734187866151399,0.112670988463263,6.51621039422037,0,< 0.00323
D4Mit111,BMD.g.cm2,0.721038597763429,0.110733255989917,6.51149098179761,0,< 0.00323
D4Mit111,BV.CORTICAL,0.784800840251693,0.120696133788796,6.50228649100727,0,< 0.00323
D4Mit170,BV.TV,0.739206544272067,0.113690801989693,6.5019028042311,0,< 0.00323
D1Mit17,Tb.N,0.583745299652679,0.089996308345233,6.48632494361198,0,< 0.00323
D1Mit236,C.Th,0.72207317494821,0.111432038464736,6.47994225804923,0,< 0.00323
D17Mit39,peri.c,-0.778060395192071,0.12020952051415,6.47253555179502,0,< 0.00323
D17Mit164,peri.c,-0.734818408226844,0.113617684709913,6.46746507907612,0,< 0.00323
D17Mit20,peri.c,-0.704075626778677,0.108889731913363,6.46595059430278,0,< 0.00323
sex,cort.thick,-0.469767319171772,0.0727515273663327,6.45714717171927,0,< 0.00323
D1Mit236,pQCT.fem.dens,0.704858990327144,0.109376481552806,6.4443377618327,0,< 0.00323
D18Mit64,C.Th,0.66834136010634,0.104031075895969,6.4244395662569,0,< 0.00323
D14Mit68,BV.TV.TRABECULAR,0.754381386316439,0.117446185538974,6.42320891780771,0,< 0.00323
D17Mit164,endo.c,-0.781914211014513,0.122133360923597,6.40213456095471,0,< 0.00323
D1Mit14,C.Th,0.724317215903137,0.113141491906633,6.40187082295908,0,< 0.00323
D17Mit76,TV,-0.799286553447867,0.124926673224793,6.39804561200176,0,< 0.00323
D17Mit20,TV,-0.80337757007857,0.125628672538246,6.39485838580353,0,< 0.00323
D4Mit15,Tb.Th,0.513441832982682,0.0803182605266938,6.39259154289129,0,< 0.00323
D8Mit292,endo.c,-0.825970828112594,0.129311404012307,6.38745541757465,0,< 0.00323
D13Mit88,cort.thick,0.681962558861047,0.106804897668952,6.3851244066993,0,< 0.00323
D1Mit386,C.Th,0.745738554562954,0.1175994491006,6.34134394562527,0,< 0.00323
D4Mit42,C.Th,0.722518044175323,0.113980058813571,6.33898641302768,0,< 0.00323
D8Mit292,cort.thick,0.726342069312039,0.114610510277365,6.3374822043305,0,< 0.00323
D17Mit20,body.weight,-0.792937208817948,0.12520284212439,6.33322051930867,0,< 0.00323
D11Mit213,endo.c,-0.776984926496244,0.122974536785823,6.3182586151918,0,< 0.00323
D15MIT143,TV,0.583064577738306,0.0922980149365471,6.31719520879349,0,< 0.00323
D11Mit188,BV.TV,0.698164641935882,0.11053107306954,6.31645583949624,0,< 0.00323
D18Mit147,BV.CORTICAL,0.67501529679911,0.107333711670217,6.28894022479251,0,< 0.00323
D13Mit88,pQCT.fem.dens,0.684552797195747,0.109165922983524,6.27075536474021,0,< 0.00323
D1Mit7,cort.thick,0.646150190798223,0.103074715486195,6.26875551147909,0,< 0.00323
D4Mit170,TV,0.758596929775493,0.121184490114048,6.25985164488926,0,< 0.00323
D1Mit17,pQCT.fem.dens,0.644945969974203,0.103052138122443,6.25844336395911,0,< 0.00323
D13Mit16,C.Th,0.73288108528745,0.117105642784919,6.2582901033513,0,< 0.00323
D1Mit7,endo.c,-0.73237431479064,0.117050652785137,6.25690072942197,0,< 0.00323
D9Mit151,Tb.Th,-0.564534956832816,0.0902648508065188,6.25420583747363,0,< 0.00323
D17Mit76,peri.c,-0.754890210118159,0.120862814251765,6.2458433951875,0,< 0.00323
D17MIT175,Tb.Th,-0.526028531503446,0.0842995401328904,6.23999289526623,0,< 0.00323
sex,TV,0.519826332943049,0.083452640354675,6.22899803689589,0,< 0.00323
D17Mit39,Femur.Length,-0.662995171111839,0.106472417629462,6.22691947710953,0,< 0.00323
D18Mit9,D2MIT206,-0.999061669399737,0.160687299403349,6.21742771898819,0,< 0.00323
sex,ROI.L2.4.BMD,-0.526138819309634,0.0848878962264373,6.19804286239073,0,< 0.00323
D1Mit7,pQCT.fem.dens,0.652714812209436,0.105444676446393,6.19011631697945,0,< 0.00323
D17Mit164,STIFFNESS,-0.682461472645941,0.110737609898776,6.16286980791596,0,< 0.00323
D15MIT143,peri.c,0.549732567841902,0.0892995034169041,6.15605402949911,0,< 0.00323
D17Mit164,TV,-0.722595548931983,0.117479104296773,6.15084319256112,0,< 0.00323
D11MIT30,endo.c,-0.743463134170327,0.120934439743351,6.14765434683547,0,< 0.00323
D9Mit1006,STIFFNESS,-0.685420046325288,0.111940036098071,6.12310010088607,0,< 0.00323
D4Mit170,Femur.Length,0.619656355272438,0.101272669505009,6.11869281516066,0,< 0.00323
D9Mit1006,peri.c,-0.6988862362919,0.114327052117705,6.11304344287969,0,< 0.00323
D9Mit90,peri.c,-0.697665960221749,0.114157633024498,6.11142629483243,0,< 0.00323
D17MIT175,Femur.Length,-0.58949457354355,0.0965059882409459,6.10837300657201,0,< 0.00323
D13Mit16,endo.c,-0.744283795076924,0.122125799622642,6.0944026354521,0,< 0.00323
D13Mit16,pQCT.fem.dens,0.700029463701558,0.115970610594561,6.03626608597323,0,< 0.00323
D8Mit200,endo.c,-0.774048204061954,0.128328588752054,6.03176744628203,0,< 0.00323
D17Mit39,body.weight,-0.777772315768413,0.129162928659462,6.02163735245593,0,< 0.00323
D9Mit12,BV.TV.TRABECULAR,-0.749186952829334,0.124576796895907,6.01385628380967,0,< 0.00323
D17Mit20,Femur.Length,-0.635229651207714,0.105699852434741,6.00974965031202,0,< 0.00323
D15MIT143,Femur.Length,0.463734491031872,0.0773724533422939,5.993534791773,0,< 0.00323
D17MIT175,BV.TV.TRABECULAR,-0.762383686158722,0.127214705882082,5.99288958672271,0,< 0.00323
D11Mit213,C.Th,0.703194753695804,0.11739536365453,5.98997040262305,0,< 0.00323
D9Mit1006,BMD.g.cm2,-0.662465252101029,0.11059816519426,5.98983944206886,0,< 0.00323
D9Mit259,peri.c,-0.706802341419376,0.118255644343808,5.97690152839105,0,< 0.00323
D18Mit9,C.Th,0.605318735783406,0.101482433900342,5.96476367898157,0,< 0.00323
D11MIT30,Tb.Th,0.392064992001021,0.0657367003580596,5.96417206622012,0,< 0.00323
D17Mit39,STIFFNESS,-0.699416647585328,0.11747992405944,5.95349931645729,0,< 0.00323
D4Mit111,STIFFNESS,0.673281652824033,0.113323551046967,5.94123327943535,0,< 0.00323
D4Mit170,pQCT.fem.dens,0.693238638582788,0.1167109917289,5.93978877493445,0,< 0.00323
D1Mit14,BMD.g.cm2,0.639517339797168,0.107890413325539,5.92747140441054,0,< 0.00323
D17Mit76,pQCT.fem.dens,0.602994115139682,0.102147141615692,5.90319127487995,0,< 0.00323
D4Mit111,Femur.Length,0.592946224298421,0.100579331920741,5.89530883706484,0,< 0.00323
sex,BV.TV,-0.454649977619215,0.0772030029491784,5.88901934188369,0,< 0.00323
D9Mit90,TV,-0.694918364074914,0.118034069333467,5.88743883862588,0,< 0.00323
D15MIT143,STIFFNESS,0.667066758286508,0.113314439878991,5.88686454258496,0,< 0.00323
D17Mit20,STIFFNESS,-0.625150360716797,0.106222440365215,5.88529465682956,0,< 0.00323
D9Mit1001,endo.c,-0.744611767522672,0.126578959424081,5.8825872080997,0,< 0.00323
D17MIT175,body.weight,-0.747925075961904,0.127145567454193,5.88243138111251,0,< 0.00323
D9Mit259,STIFFNESS,-0.69547327039234,0.118333964132135,5.87720757512825,0,< 0.00323
D9Mit253,endo.c,-0.719996717213389,0.122750837992097,5.86551366158286,0,< 0.00323
D14MIT60,pctFat,-0.639634353911964,0.10925219349077,5.85465914664682,0,< 0.00323
D9Mit1001,peri.c,-0.658967257174518,0.112569113036924,5.85389046246078,0,< 0.00323
D2MIT285,C.Th,0.67245219807595,0.115032806939848,5.84574275778199,0,< 0.00323
D9Mit1006,TV,-0.679178086035903,0.116323705891702,5.83869023798317,0,< 0.00323
D15Mit67,TV,0.682885610669533,0.117084179515431,5.83243281454205,0,< 0.00323
D15Mit67,peri.c,0.659773839896897,0.113228768843771,5.82690995083795,0,< 0.00323
D9Mit1001,TV,-0.677092625603253,0.116418960310929,5.81599959143158,0,< 0.00323
D9Mit259,TV,-0.70906197866815,0.122311655996758,5.79717421769636,0,< 0.00323
D14MIT60,D7MIT93,-1.0545197798527,0.181937538896454,5.7960538888726,0,< 0.00323
D4Mit42,STIFFNESS,0.618558159472699,0.106993251680764,5.78128199447844,0,< 0.00323
D11Mit188,C.Th,0.632628758696543,0.109717146194607,5.76599720862628,0,< 0.00323
D9Mit259,Femur.Length,-0.600667468485633,0.104228724378311,5.7629743822388,0,< 0.00323
D15Mit67,STIFFNESS,0.635398850041038,0.110429963390438,5.75386272468926,0,< 0.00323
D4Mit170,cort.thick,0.653365097335645,0.11360619427344,5.7511397289047,0,< 0.00323
D9Mit1001,Femur.Length,-0.559188970763895,0.0973100422459845,5.74646724898499,0,< 0.00323
D9Mit12,Tb.N,-0.652199811466113,0.113622324103869,5.74006751410837,0,< 0.00323
D13Mit88,C.Th,0.635853037050898,0.111309007925425,5.71250295822337,0,< 0.00323
D18Mit64,BV.CORTICAL,0.623756329998163,0.109330599159819,5.70523105874832,0,< 0.00323
D2MIT285,cort.thick,0.631659026979013,0.110730175910557,5.70448860741664,0,< 0.00323
D14Mit5,pctFat,-0.619283135177554,0.10871497747799,5.69639206615236,0,< 0.00323
D4Mit42,D4Mit111,-0.774927085661453,0.136148625306366,5.69177311866123,0,< 0.00323
D9Mit1006,endo.c,-0.70670843300421,0.124332878842033,5.68400281233812,0,< 0.00323
D8Mit292,C.Th,0.685794334483168,0.120739570489663,5.67994677885559,0,< 0.00323
D9Mit1006,Femur.Length,-0.569049866081285,0.100466566426338,5.66407200248565,0,< 0.00323
D17Mit76,Femur.Length,-0.593284977570997,0.104829715439332,5.65951147615532,0,< 0.00323
D8Mit292,pQCT.fem.dens,0.664387509316632,0.117408182809582,5.65878368455939,0,< 0.00323
D8Mit124,endo.c,-0.628486063710421,0.111064914132247,5.65872731835068,0,< 0.00323
D2Mit323,Tb.N,-0.613004662437671,0.108851148759103,5.63158652366914,0,< 0.00323
D17MIT175,D19Mit40,-1.16548935563682,0.207023253407245,5.62975094079952,0,< 0.00323
D4Mit42,cort.thick,0.617622790517414,0.109784392438953,5.62577955569461,0,< 0.00323
D18Mit64,cort.thick,0.563050086396084,0.100229359828273,5.61761630884183,0,< 0.00323
D17Mit20,pctFat,-0.700997117283227,0.12502288387025,5.60695046844966,0,< 0.00323
D15MIT143,BMD.g.cm2,0.591913329886419,0.105972537247547,5.58553513259513,0,< 0.00323
D9Mit12,Tb.Th,-0.475537762727809,0.0851737981533937,5.58314614397482,0,< 0.00323
D9Mit90,STIFFNESS,-0.621887673342515,0.111431024960072,5.58092033673163,0,< 0.00323
D15MIT143,endo.c,0.529269680360274,0.0948379691378879,5.58077830189249,0,< 0.00323
D17Mit164,Femur.Length,-0.424804351393945,0.0761603650602715,5.57776149126603,0,< 0.00323
D4Mit111,BV.TV,0.567502944380592,0.101812267585004,5.57401340567116,0,< 0.00323
D4Mit111,peri.c,0.646922041298376,0.116271661273558,5.56388404717405,0,< 0.00323
D13Mit125,cort.thick,0.602605394011341,0.108433867586387,5.5573540575896,0,< 0.00323
D14Mit5,Tb.N,0.468377778637421,0.08429011197836,5.55673456404553,0,< 0.00323
D9Mit259,BMD.g.cm2,-0.618560737758176,0.111400827065566,5.55256863033985,0,< 0.00323
D2Mit395,C.Th,0.631532300819574,0.113789940161689,5.54998359189048,0,< 0.00323
D8Mit124,TV,-0.598206748296444,0.107910009833633,5.54357051045322,0,< 0.00323
D8Mit124,peri.c,-0.57829825338875,0.104369770876254,5.54085966207983,0,< 0.00323
D10Mit77,cort.thick,-0.611572409692247,0.110612847297941,5.52894554865716,0,< 0.00323
D18Mit147,Tb.N,-0.547076377564015,0.0991048749835659,5.52017625424313,0,< 0.00323
D4Mit111,C.Th,0.663692257009243,0.120274245167706,5.51815774095123,0,< 0.00323
D9Mit151,BV.CORTICAL,-0.660962193839006,0.119837105459962,5.51550532952279,0,< 0.00323
D2Mit323,BV.TV.TRABECULAR,-0.660230711291801,0.119754579895931,5.51319800767166,0,< 0.00323
D9Mit151,STIFFNESS,-0.633688920349369,0.11509579441908,5.50575217407177,0,< 0.00323
D11Mit188,endo.c,-0.66436017474609,0.120796069375095,5.4998492764125,0,< 0.00323
D1Mit540,C.Th,0.641482063887978,0.116748270893306,5.49457442906558,0,< 0.00323
D17Mit76,STIFFNESS,-0.647892549372068,0.118086080291806,5.48661237438861,0,< 0.00323
D2MIT285,D18Mit123,-0.675024843847254,0.123176811970466,5.48012919841687,0,< 0.00323
D2MIT206,Tb.N,-0.616355655761539,0.112479588658587,5.47971114681424,0,< 0.00323
D12Mit169,Tb.N,-0.631447509697575,0.115577124708567,5.46342982047528,0,< 0.00323
sex,peri.c,0.440227129645903,0.0807060105349226,5.45470066886048,0,< 0.00323
D12Mit60,Tb.N,-0.664589253382937,0.12206188612578,5.44469100451309,0,< 0.00323
D4Mit111,TV,0.654116341199866,0.120241822073264,5.44000689544865,0,< 0.00323
D10Mit77,C.Th,-0.620556309073972,0.114123091503487,5.43760514106831,0,< 0.00323
D1Mit7,C.Th,0.602496322869563,0.11088222264443,5.43366022524287,0,< 0.00323
D9Mit253,peri.c,-0.652725770882533,0.120156331465289,5.43230442310146,0,< 0.00323
D9Mit259,endo.c,-0.69232317696661,0.127561566448714,5.42736496768373,0,< 0.00323
D17MIT175,BMD.g.cm2,-0.597849882202042,0.110194969714538,5.42538269896333,0,< 0.00323
D15Mit67,Femur.Length,0.531354919227208,0.0979991075591033,5.42203834771401,0,< 0.00323
D1Mit386,Tb.Th,0.489911420923409,0.0903592771715386,5.42181651136229,0,< 0.00323
D14Mit75,BV.TV,0.462687838125032,0.0854477842170283,5.41486057672196,0,< 0.00323
D3Mit57,peri.c,0.595180086558097,0.109947263131333,5.41332334800503,0,< 0.00323
D9Mit90,Femur.Length,-0.534982851390963,0.0988991472750872,5.40937779678638,0,< 0.00323
D9Mit151,peri.c,-0.637580346190114,0.117900217768933,5.40779617082368,0,< 0.00323
D9Mit259,BV.TV.TRABECULAR,-0.682925301589739,0.12633587768498,5.4056323041711,0,< 0.00323
D9Mit253,Femur.Length,-0.514312488115596,0.0951485351796288,5.40536422494195,0,< 0.00323
D15MIT143,BV.CORTICAL,0.622342279669075,0.115166940851954,5.40382747918165,0,< 0.00323
D18Mit123,Tb.N,-0.522929614910345,0.0968344092690573,5.4002458305639,0,< 0.00323
D17Mit164,BV.TV.TRABECULAR,-0.663958488745123,0.12296865161196,5.39941261485336,0,< 0.00323
D9Mit1001,BMD.g.cm2,-0.576450368898816,0.107006160496337,5.38707646573814,0,< 0.00323
D17Mit39,pctFat,-0.692275296027512,0.12883808415975,5.37321942143395,0,< 0.00323
D19MIT88,STIFFNESS,-0.583527539530088,0.108785994272334,5.36399509360819,0,< 0.00323
D8Mit200,cort.thick,0.667457160984574,0.124666919144625,5.35392360350432,0,< 0.00323
D9Mit1001,STIFFNESS,-0.586970771130255,0.109730946602462,5.34918169672551,0,< 0.00323
D14MIT60,Tb.N,0.644829986270716,0.120579717808457,5.34774834433633,0,< 0.00323
D4Mit111,Tb.Th,0.455150990103827,0.0851416720828328,5.34580751081585,0,< 0.00323
D9Mit253,TV,-0.608119007858841,0.113778363231574,5.34476846552213,0,< 0.00323
D18Mit9,BV.CORTICAL,0.56738220332476,0.106263468349789,5.3393909697837,0,< 0.00323
D10Mit77,pQCT.fem.dens,-0.612479079961887,0.115222066623192,5.31564046637751,0,< 0.00323
D3Mit57,TV,0.604549853016254,0.113737175434837,5.31532325033531,0,< 0.00323
D13Mit125,C.Th,0.599778972190624,0.11300377818952,5.30760105369865,0,< 0.00323
D18Mit9,cort.thick,0.626008745636823,0.118366877915385,5.28871553142026,0,< 0.00323
D10Mit126,C.Th,-0.625591170384385,0.1184814592253,5.28007651555662,0,< 0.00323
D14Mit5,BV.TV.TRABECULAR,0.630801269234394,0.119720521860993,5.26894854306445,0,< 0.00323
D10Mit77,BV.TV,-0.601285245829681,0.114119855320316,5.26889246522415,0,< 0.00323
D2MIT206,BV.CORTICAL,0.635364900360269,0.120597872102117,5.26845863268854,0,< 0.00323
D17MIT175,Tb.N,-0.611328673024003,0.116042192314087,5.2681585967399,0,< 0.00323
D3MIT178,STIFFNESS,0.461290293465051,0.087617802182175,5.26480101048341,0,< 0.00323
D8Mit124,Femur.Length,-0.475149346860724,0.0903692999066169,5.25786243062323,0,< 0.00323
D2MIT206,BV.TV.TRABECULAR,-0.648826816566833,0.123430769394327,5.25660513784867,0,< 0.00323
D3Mit57,STIFFNESS,0.561659177490523,0.106890059353947,5.25455015073655,0,< 0.00323
D9Mit151,BV.TV.TRABECULAR,-0.686083058999311,0.130982989725448,5.23795540502933,0,< 0.00323
D9Mit151,TV,-0.6362379100018,0.121886124663279,5.21993714837895,0,< 0.00323
D9Mit259,D6Mit86,-1.34700698325531,0.259044493634526,5.19990587082594,0,< 0.00323
D9Mit253,BMD.g.cm2,-0.543800315430719,0.104716982724282,5.19304797830681,0,< 0.00323
D17Mit164,BMD.g.cm2,-0.435155669789939,0.0838033132058716,5.19258312282873,0,< 0.00323
D9Mit259,Tb.N,-0.598326566636988,0.115233318917604,5.19230524866523,0,< 0.00323
D4Mit42,BMD.g.cm2,0.544520529498159,0.10492608797434,5.18956286287281,0,< 0.00323
D9Mit253,STIFFNESS,-0.569964070286057,0.110063071991551,5.17852227793358,0,< 0.00323
sex,Tb.Th,0.303190295512251,0.0586076484103489,5.17322062454076,0,< 0.00323
D1Mit540,BMD.g.cm2,0.553453646555132,0.107343756579861,5.15589973920257,0,< 0.00323
D1Mit236,BV.TV,0.585791688434717,0.113652940746131,5.15421496873727,0,< 0.00323
D19Mit40,STIFFNESS,-0.561476309388529,0.108953470909688,5.15335862823445,0,< 0.00323
D7Mit75,BV.TV,0.583305192232535,0.113229089447977,5.15154890917439,0,< 0.00323
D11Mit2,endo.c,-0.637310677178748,0.123795703200137,5.14808398598799,0,< 0.00323
sex,C.Th,-0.389288534338745,0.0756664813506299,5.14479499231405,0,< 0.00323
D13Mit88,BV.TV,0.557142233812633,0.108461563504192,5.13677118245765,0,< 0.00323
D4Mit42,pQCT.fem.dens,0.577247516447017,0.112462643301184,5.13279342813508,0,< 0.00323
D12Mit60,BV.TV.TRABECULAR,-0.686372651014533,0.134068916320134,5.11955097313976,0,< 0.00323
D11Mit188,D1Mit540,-0.526308443327765,0.10284150696577,5.11766560852656,0,< 0.00323
D9Mit90,BMD.g.cm2,-0.541329043101747,0.105823252137499,5.11540736244228,0,< 0.00323
D3MIT178,BV.CORTICAL,0.605527851861736,0.118666039037217,5.10278978530515,0,< 0.00323
D9Mit151,BV.TV,-0.601900422407639,0.118024809330396,5.09977881618679,0,< 0.00323
D11Mit188,D1Mit14,-0.507942516175313,0.0996041965727705,5.09960959129078,0,< 0.00323
D19MIT88,peri.c,-0.568098628477749,0.111437621622998,5.09790697435797,0,< 0.00323
D2MIT206,C.Th,0.584616028488269,0.114786921352488,5.09305434451916,0,< 0.00323
D19Mit40,peri.c,-0.568624817388673,0.111751150002196,5.08831289322301,0,< 0.00323
D1Mit540,pctFat,0.663409312129696,0.130550057780832,5.08164702035929,0,< 0.00323
D2Mit395,cort.thick,0.545848656892879,0.107554307770773,5.07509804308563,0,< 0.00323
D13Mit88,peri.c,-0.60341458967438,0.118983946417858,5.07139498933124,0,< 0.00323
D10Mit126,cort.thick,-0.572704104313362,0.112974514259225,5.06932123646285,0,< 0.00323
D1Mit236,endo.c,-0.612912728303354,0.121287045869103,5.05340635441671,0,< 0.00323
D8Mit200,pQCT.fem.dens,0.50894340684454,0.100857094052893,5.04618352951584,0,< 0.00323
D18Mit147,BV.TV.TRABECULAR,-0.549212986187439,0.108946450271922,5.04112786434662,0,< 0.00323
D13Mit125,endo.c,-0.656701167341991,0.130273476253348,5.04094299337555,0,< 0.00323
D4Mit111,cort.thick,0.58414667800914,0.115892064997535,5.04043722080167,0,< 0.00323
D8Mit124,STIFFNESS,-0.513253993662775,0.101853793909664,5.03912494529158,0,< 0.00323
D4Mit111,pQCT.fem.dens,0.518382227371535,0.102881745651376,5.03862200324751,0,< 0.00323
D9Mit12,STIFFNESS,-0.582779237488174,0.115733249345386,5.03553854043248,0,< 0.00323
D9Mit1006,BV.CORTICAL,-0.628558072377937,0.124866129883025,5.03385564177229,0,< 0.00323
D11Mit2,BV.TV,0.493450275550931,0.0981517590683347,5.02742161969184,0,< 0.00323
D9Mit12,BMD.g.cm2,-0.524750701623279,0.104425915947056,5.02510030066986,0,< 0.00323
D1Mit7,BV.TV,0.420173880553198,0.0837570879758653,5.01657699315276,0,< 0.00323
D17MIT175,pctFat,-0.635375612817607,0.126785462085744,5.01142325283247,0,< 0.00323
D17Mit164,Tb.N,-0.56316213531811,0.112440325013506,5.00854240016173,0,< 0.00323
D14Mit75,Tb.Th,0.323375841754405,0.064593139180189,5.00634968138514,0,< 0.00323
D14MIT60,BV.TV.TRABECULAR,0.662136216677887,0.132540248969207,4.99573693144126,0,< 0.00323
D14Mit68,Tb.Th,0.427605729787989,0.0856754996097318,4.9909919607801,0,< 0.00323
D9Mit151,Femur.Length,-0.509113602834224,0.102086980899892,4.98705709921493,0,< 0.00323
D13Mit125,pQCT.fem.dens,0.552748450374891,0.110838993408014,4.98694938829103,0,< 0.00323
D14Mit5,STIFFNESS,0.429066640655857,0.0861244302036469,4.98193880228061,0,< 0.00323
D16Mit60,BV.TV,0.476543384718534,0.0956819815765726,4.98049242779493,0,< 0.00323
D9Mit12,peri.c,-0.590435835694663,0.118563798857935,4.97989977870171,0,< 0.00323
D4Mit42,BV.TV,0.554512764855018,0.111451175960414,4.97538729471973,0,< 0.00323
D7Mit75,C.Th,0.599569197441765,0.120636903198901,4.97003140451327,0,< 0.00323
D7Mit75,cort.thick,0.575263424552049,0.115769557711601,4.96903880366472,0,< 0.00323
D12Mit169,BV.TV.TRABECULAR,-0.630039055838454,0.127115282961387,4.95643829097905,0,< 0.00323
D14Mit68,endo.c,0.605356317898178,0.122172987076468,4.95491133010676,0,< 0.00323
D19MIT88,BV.CORTICAL,-0.573059987026044,0.115678448319221,4.95390451162221,0,< 0.00323
D9Mit259,Tb.Th,-0.448529185308845,0.0906228328229464,4.94940592052728,0,< 0.00323
D4Mit42,peri.c,0.540337704000241,0.109316549338611,4.94287193722637,0,< 0.00323
D15Mit67,BV.CORTICAL,0.579801085324181,0.117329741157315,4.9416378115655,0,< 0.00323
D4Mit15,D2MIT113,-1.02944320881188,0.209043920975508,4.92453071109634,0,< 0.00323
D7Mit75,pQCT.fem.dens,0.580005704242855,0.1182956461227,4.9030181858194,0,< 0.00323
D17Mit20,Tb.Th,-0.411922480221152,0.0841605432880451,4.89448456637595,0,< 0.00323
D9Mit151,BMD.g.cm2,-0.570288615626984,0.116814751251682,4.8819914395766,0,< 0.00323
D14MIT60,ROI.L2.4.BMD,0.451002674304253,0.0923972535621344,4.88112640708489,0,< 0.00323
D9Mit259,BV.CORTICAL,-0.611677877055865,0.125653673857882,4.86796651682221,0,< 0.00323
D17Mit76,cort.thick,0.538484218997897,0.110654600711755,4.86635183294909,0,< 0.00323
D17MIT175,pQCT.fem.dens,0.544001601138903,0.111848844762546,4.86372123282824,0,< 0.00323
D2Mit395,BV.CORTICAL,0.582473011686319,0.119798588066177,4.86210247623751,0,< 0.00323
D3Mit57,endo.c,0.583674281254487,0.12004640033384,4.86207232896058,0,< 0.00323
D3MIT178,peri.c,0.436787104123091,0.0898423282534888,4.86170731117633,0,< 0.00323
D3Mit57,BV.CORTICAL,0.581444095033313,0.119600896974605,4.86153624045791,0,< 0.00323
D14Mit5,ROI.L2.4.BMD,0.616303591012337,0.127009199284178,4.85243269374043,0,< 0.00323
D19MIT88,TV,-0.558936644882796,0.115220206161211,4.85102972390761,0,< 0.00323
D3Mit60,BV.CORTICAL,0.652464665463361,0.134526656333681,4.8500771761173,0,< 0.00323
D15Mit67,endo.c,0.597971960144111,0.123294515636487,4.84994776172471,0,< 0.00323
D9Mit151,Tb.N,-0.549631125942035,0.113389583179137,4.84728059255412,0,< 0.00323
D9Mit1006,D6Mit74,-1.03466064986297,0.213640804476882,4.8429917327658,0,< 0.00323
D17Mit164,Tb.Th,-0.422000406858906,0.0871533315305874,4.84204561601642,0,< 0.00323
D4Mit170,D4Mit111,-1.00572381059865,0.2081113968565,4.83262245984604,0,< 0.00323
D17Mit20,BMD.g.cm2,-0.522819554400607,0.108213425629938,4.8313742158807,0,< 0.00323
D14Mit68,STIFFNESS,0.540408262198483,0.11211983170662,4.81991681554204,0,< 0.00323
D1Mit17,cort.thick,0.487183376624688,0.101099498529102,4.81885057505454,0,< 0.00323
D9Mit1001,ROI.L2.4.BMD,-0.567249570389021,0.117924138679873,4.81029225007889,0,< 0.00323
D11Mit2,D1Mit7,-0.774316731935431,0.161095241631002,4.80657730232064,0,< 0.00323
D2MIT285,pQCT.fem.dens,0.546114934651267,0.113652471614094,4.80513029673123,0,< 0.00323
D18Mit147,Femur.Length,0.485668755259924,0.101317587964154,4.79352859675017,0,< 0.00323
D19Mit40,BV.CORTICAL,-0.56323614945881,0.117616874005421,4.78873592094319,0,< 0.00323
D9Mit253,ROI.L2.4.BMD,-0.556181314748962,0.116154380783971,4.7882939153485,0,< 0.00323
D7Mit75,BMD.g.cm2,0.528534262934095,0.110470755374156,4.78438172296362,0,< 0.00323
D13Mit88,TV,-0.587568185579493,0.122989791909975,4.77737360519786,0,< 0.00323
D1Mit386,BV.TV.TRABECULAR,0.630081597099817,0.13194884004677,4.77519618115991,0,< 0.00323
D11Mit188,Tb.Th,0.411670285055272,0.086323283207855,4.76893683554672,0,< 0.00323
D1Mit386,Tb.N,0.572658010344395,0.120172276864584,4.76530881569043,0,< 0.00323
D19MIT17,STIFFNESS,-0.519770191014929,0.109584261369388,4.74310986376848,0,< 0.00323
D1Mit540,body.weight,0.620482141508938,0.130836990091154,4.74240611219082,0,< 0.00323
D14Mit68,ROI.L2.4.BMD,0.542120864241064,0.11445828391117,4.73640566428377,0,< 0.00323
D17Mit76,body.weight,-0.584833169867908,0.123854116883265,4.7219517976873,0,< 0.00323
D9Mit90,ROI.L2.4.BMD,-0.552111568729891,0.116974704422196,4.71992275130834,0,< 0.00323
D19Mit40,TV,-0.544044271157334,0.115578595817306,4.70713688213775,0,< 0.00323
D9Mit12,TV,-0.576896143764765,0.122591923163367,4.70582505664738,0,< 0.00323
D19MIT17,BV.CORTICAL,-0.548005539588726,0.116524515596044,4.70292055526324,0,< 0.00323
D18Mit123,BV.TV.TRABECULAR,-0.499552621754508,0.106410718238189,4.69457052847168,0,< 0.00323
D17Mit20,BV.TV.TRABECULAR,-0.578903688973163,0.123540628922517,4.68593768723845,0,< 0.00323
D7Mit75,BV.CORTICAL,0.594763850985677,0.127018664104375,4.68249178323069,0,< 0.00323
D2Mit323,C.Th,0.476362189821721,0.101883379077406,4.67556331695483,0,< 0.00323
D14Mit68,peri.c,0.536696180811224,0.114899852561621,4.67099103128433,0,< 0.00323
D10Mit77,BMD.g.cm2,-0.518229197724965,0.110971340132166,4.66993727486539,0,< 0.00323
D2MIT285,BV.CORTICAL,0.425752062208533,0.0912515683754347,4.66569583173484,0,< 0.00323
D17Mit39,pQCT.fem.dens,0.467727054577485,0.100257168039601,4.66527295477501,0,< 0.00323
D14MIT60,STIFFNESS,0.402724381086023,0.0864071945622078,4.66077371365281,0,< 0.00323
D3Mit230,peri.c,0.527916630187705,0.113353749574885,4.65724894119137,0,< 0.00323
D9Mit1006,Tb.Th,-0.414302346634928,0.0889911832060495,4.65554374836949,0,< 0.00323
D17Mit76,BV.TV,0.473365390774321,0.101705874360209,4.65425811195347,0,< 0.00323
D3Mit230,STIFFNESS,0.514285277936071,0.110499618850411,4.65418146493597,0,< 0.00323
D18Mit147,pQCT.fem.dens,0.474107676066779,0.101874657251374,4.65383333655715,0,< 0.00323
D14Mit68,BMD.g.cm2,0.521538768672438,0.112357848167134,4.64176537002241,0,< 0.00323
D8Mit200,C.Th,0.57809628073033,0.124610177410844,4.63923808425636,0,< 0.00323
D13Mit16,BV.TV,0.525317103610584,0.113293948208881,4.63676226237655,0,< 0.00323
D4Mit42,Tb.Th,0.394797001413804,0.0852153537077636,4.63293273143847,0,< 0.00323
D8Mit292,BV.TV.TRABECULAR,-0.52507384982034,0.11358145869065,4.62288348708769,0,< 0.00323
D14Mit68,BV.TV,0.481519137054741,0.104172961912809,4.62230436970549,0,< 0.00323
D14Mit98,pctFat,-0.51623368008422,0.111844757757914,4.61562696752938,0,< 0.00323
D14Mit5,peri.c,0.40701808582768,0.0882211891523561,4.61360915374614,0,< 0.00323
D9Mit1006,ROI.L2.4.BMD,-0.570364311146341,0.123780510503167,4.60786846675468,0,< 0.00323
D9Mit1006,BV.TV.TRABECULAR,-0.56296402282008,0.12226216662341,4.60456442387539,0,< 0.00323
D4Mit42,D11Mit214,-1.09186572983624,0.237164055642599,4.60384153440882,0,< 0.00323
D3MIT178,C.Th,0.541320980081895,0.117581168684542,4.60380676717205,0,< 0.00323
D1Mit17,endo.c,-0.588181371094641,0.12798935566568,4.5955491223116,0,< 0.00323
D17MIT175,BV.CORTICAL,-0.563562561370492,0.122668603253307,4.594187480938,3.3003300330033e-05,0.0033003300330033
D8Mit292,Tb.N,-0.474914764997584,0.103387995935102,4.59351939944452,0,< 0.00323
D9Mit90,BV.TV.TRABECULAR,-0.564248203798481,0.122903973647981,4.5909679488036,0,< 0.00323
D17Mit39,BMD.g.cm2,-0.538339798325493,0.11742078798316,4.58470606075901,0,< 0.00323
D14Mit98,ROI.L2.4.BMD,0.442691928111086,0.0965852585329834,4.58343162129559,0,< 0.00323
D4Mit170,BV.TV.TRABECULAR,0.607414085164094,0.132600244684812,4.58079158607816,0,< 0.00323
D12MIT133,pQCT.fem.dens,0.497442127440356,0.108868838489847,4.56918742167665,0,< 0.00323
D8MIT75,BV.TV.TRABECULAR,-0.511564284319543,0.111993172819963,4.56781669309361,0,< 0.00323
D17MIT175,D5Mit95,-1.15669341498975,0.253619880994399,4.56073636835786,0,< 0.00323
D7Mit75,STIFFNESS,0.54954782056284,0.12068605891877,4.55353191152527,0,< 0.00323
D7Mit75,Tb.Th,0.386082389304311,0.0848183227880249,4.5518748380488,0,< 0.00323
D9Mit1001,BV.TV.TRABECULAR,-0.568333071331142,0.124898085778279,4.55037455369855,0,< 0.00323
D10Mit77,BV.CORTICAL,-0.548939666980566,0.120779749111017,4.54496445820561,3.3003300330033e-05,0.0033003300330033
D19Mit40,endo.c,-0.627146646779513,0.137999264815966,4.54456512950174,0,< 0.00323
D9Mit12,Femur.Length,-0.430730275728888,0.0949220091422481,4.53772817938783,0,< 0.00323
D3MIT178,TV,0.42150884288545,0.092929458098672,4.53579361711003,0,< 0.00323
D3MIT131,peri.c,0.531260910654161,0.117146634577884,4.53500787767793,0,< 0.00323
D9Mit151,C.Th,-0.549088508046542,0.121110849332459,4.53376812294703,0,< 0.00323
D8Mit292,peri.c,-0.539515180083745,0.119113205025343,4.52943214792143,0,< 0.00323
D19MIT17,endo.c,-0.598820993618503,0.132419379655087,4.52215525535803,0,< 0.00323
D8MIT75,Tb.N,-0.459033383894699,0.101687015600604,4.51417893605653,0,< 0.00323
D6Mit74,Tb.Th,-0.33013465889785,0.0732206668985192,4.50876334348884,0,< 0.00323
D14Mit5,BMD.g.cm2,0.379622596270245,0.0842106021614373,4.50801427048916,0,< 0.00323
D16Mit60,Tb.N,0.497837863410025,0.110517359006542,4.50461237840976,0,< 0.00323
D2MIT285,pctFat,0.550442233681642,0.122391948580688,4.49737290781637,0,< 0.00323
D16Mit60,pQCT.fem.dens,0.509903533257234,0.113379518487155,4.49731609430852,0,< 0.00323
D5Mit200,STIFFNESS,0.494334528436406,0.109918857853622,4.49726769445428,0,< 0.00323
D3MIT131,STIFFNESS,0.51371041750392,0.114241972973479,4.49668719939893,0,< 0.00323
D3Mit230,TV,0.52657248541502,0.117217474110175,4.49226951367408,0,< 0.00323
D18Mit9,pQCT.fem.dens,0.54572794372852,0.121508885297571,4.49125956831924,0,< 0.00323
D14Mit5,Tb.Th,0.373143377020785,0.0831389824862319,4.48818792174392,0,< 0.00323
D16Mit60,BV.TV.TRABECULAR,0.544513377682736,0.121391204424883,4.48560816463175,0,< 0.00323
D14Mit68,pctFat,-0.397217375355036,0.0885877959196039,4.48388371368358,0,< 0.00323
D12Mit201,Tb.N,-0.504365345319151,0.112896490250578,4.46750243696411,0,< 0.00323
D8Mit292,TV,-0.549857215248311,0.12308410238024,4.46732928635784,0,< 0.00323
D18Mit64,Tb.N,-0.454451291637612,0.10175402024564,4.466175297453,0,< 0.00323
D9Mit259,body.weight,-0.55865627033866,0.125136100626839,4.46438931323741,0,< 0.00323
D17Mit164,body.weight,-0.517837517816932,0.116054320294608,4.46202706200322,0,< 0.00323
D1Mit64,pQCT.fem.dens,0.487387710385482,0.109247256514177,4.46132677320123,0,< 0.00323
D16Mit60,BMD.g.cm2,0.421576476381306,0.0946093164423428,4.45597212023221,0,< 0.00323
D17MIT175,cort.thick,0.486972213793849,0.10930752776155,4.45506566442669,0,< 0.00323
D8Mit124,BMD.g.cm2,-0.442913403560608,0.0994929639543562,4.4517057886003,0,< 0.00323
D4Mit111,ROI.L2.4.BMD,0.54934707306048,0.123453714088854,4.44982216302618,0,< 0.00323
D19MIT17,peri.c,-0.498966109771077,0.112246009348767,4.44529041759253,0,< 0.00323
D9Mit90,Tb.N,-0.497856206649622,0.11206615938755,4.44252046621784,0,< 0.00323
D5Mit200,peri.c,0.500428001624301,0.11270470953137,4.44016939225609,0,< 0.00323
D3Mit60,STIFFNESS,0.561493875565397,0.126492831170292,4.43893832061899,0,< 0.00323
D4Mit42,TV,0.501172733870999,0.112968444868717,4.43639579577664,0,< 0.00323
D18Mit147,TV,0.536533597589857,0.120973523363628,4.43513243784027,0,< 0.00323
D4Mit170,Tb.N,0.510185319865884,0.115129341774013,4.43141002983692,0,< 0.00323
D10MIT96,TV,-0.554373387299086,0.125193689835916,4.42812563497148,0,< 0.00323
D18Mit123,pQCT.fem.dens,0.509526220547916,0.115084773955244,4.42739906450238,0,< 0.00323
D14Mit68,D7MIT93,-0.98950708858269,0.223668598150869,4.42398752781223,0,< 0.00323
D4Mit170,D14Mit68,-0.709839653484509,0.160457266984848,4.42385481706815,0,< 0.00323
D3Mit57,Femur.Length,0.418982670263293,0.0947612747397429,4.42145455951292,3.3003300330033e-05,0.0033003300330033
D18Mit64,Femur.Length,0.402807382105229,0.0913990540419748,4.40712856743836,3.3003300330033e-05,0.00326732673267327
D18Mit123,STIFFNESS,0.481422997726505,0.109515255174477,4.39594462853154,0,< 0.00323
D9Mit1006,D6Mit86,-1.17892330592206,0.268730152673496,4.38701535422576,0,< 0.00323
D2MIT285,body.weight,0.538961137219323,0.12310196744741,4.37816834608732,0,< 0.00323
D7Mit75,D5MIT88,-0.990129516655298,0.226200884636551,4.37721328210626,0,< 0.00323
D3Mit230,endo.c,0.554086049220948,0.126599709797071,4.3766770880368,0,< 0.00323
D11Mit213,TV,-0.532411124745958,0.121663976084514,4.37607862146571,0,< 0.00323
D7MIT93,pctFat,-0.561329768209824,0.128556704168177,4.36639825080998,0,< 0.00323
D5Mit200,TV,0.507791618912485,0.116542276117236,4.35714519940962,0,< 0.00323
D13Mit35,ROI.L2.4.BMD,-0.558534804097965,0.128314650869705,4.35285293076253,0,< 0.00323
D18Mit147,STIFFNESS,0.503708416036208,0.115761024592861,4.35127814225716,0,< 0.00323
D14MIT60,peri.c,0.385000651624123,0.0885534988086953,4.34766165994019,0,< 0.00323
D18Mit4,C.Th,0.459670094473177,0.105745815675051,4.346934122535,0,< 0.00323
D9Mit12,D5Mit95,-1.3998516555339,0.322106496589218,4.34592804043665,0,< 0.00323
D1Mit14,pctFat,0.557228055349178,0.128386467067336,4.34023980936344,3.3003300330033e-05,0.0033003300330033
D3Mit60,peri.c,0.610530522155004,0.140711654356408,4.33887672593623,0,< 0.00323
D18Mit9,Tb.N,-0.475081832389037,0.109532372554236,4.33736457369071,0,< 0.00323
D14Mit75,BMD.g.cm2,0.616948856586757,0.142320650624867,4.33492155831221,0,< 0.00323
D7MIT7,ROI.L2.4.BMD,0.518279977381099,0.119568225257028,4.33459622125349,0,< 0.00323
D3Mit60,TV,0.630251850586608,0.145510450951465,4.33131672993598,0,< 0.00323
D18Mit9,D2Mit395,-1.01653160980217,0.234798535010285,4.32937799104088,0,< 0.00323
D15Mit67,BMD.g.cm2,0.46708798776088,0.107889637405851,4.32931279585104,0,< 0.00323
D4Mit42,Femur.Length,0.429733280125567,0.0993096779311752,4.32720444852702,3.3003300330033e-05,0.0033003300330033
D2Mit365,Tb.N,-0.502397908408807,0.116154616777302,4.32525131026029,0,< 0.00323
D10Mit77,pctFat,-0.502905754379535,0.116310591241158,4.32381736704279,3.3003300330033e-05,0.0033003300330033
D14MIT60,body.weight,-0.53213740499784,0.123135403455467,4.32156301165075,0,< 0.00323
D17MIT175,D9Mit151,-0.68632513380803,0.158828994532471,4.32115770693062,0,< 0.00323
D8Mit200,BV.TV.TRABECULAR,-0.586015941196071,0.135676711988952,4.31920801002156,6.6006600660066e-05,0.0066006600660066
D8Mit200,peri.c,-0.568897845173023,0.131725393663337,4.31881681543505,0,< 0.00323
D5Mit200,Femur.Length,0.438569038592699,0.101585888012922,4.31722404727035,3.3003300330033e-05,0.0033003300330033
D18Mit123,Femur.Length,0.434108537411653,0.10061284072343,4.31464348178929,3.3003300330033e-05,0.0033003300330033
D17Mit20,pQCT.fem.dens,0.372973764515944,0.086588872247153,4.30740988808995,0,< 0.00323
D2Mit323,Tb.Th,-0.352744406930699,0.0819203752619442,4.30594227385778,0,< 0.00323
D10MIT96,peri.c,-0.52114786858962,0.121110367582562,4.30308221329071,0,< 0.00323
D8Mit92,BV.TV.TRABECULAR,-0.564794024140266,0.131307831066723,4.30129733734824,6.6006600660066e-05,0.0066006600660066
D11Mit2,BV.CORTICAL,0.546710007061512,0.127143909432613,4.29993075957185,3.3003300330033e-05,0.0033003300330033
D9Mit1006,Tb.N,-0.47828827862708,0.111342426963922,4.29565163674815,3.3003300330033e-05,0.0033003300330033
D3MIT131,endo.c,0.535842036761223,0.124760976011736,4.29494906092124,0,< 0.00323
D10Mit126,BV.CORTICAL,-0.540213809015997,0.125836149598879,4.29299379183173,3.3003300330033e-05,0.0033003300330033
D3MIT131,TV,0.395991005546409,0.0922757247710218,4.29138873229166,0,< 0.00323
D10MIT96,Femur.Length,-0.545454946894397,0.127109042796922,4.29123636597477,3.3003300330033e-05,0.0033003300330033
D18Mit64,pQCT.fem.dens,0.484870211077788,0.113118001382422,4.28641069637157,0,< 0.00323
D4MIT104,pQCT.fem.dens,0.490401994263156,0.114415435449605,4.28615240886059,0,< 0.00323
D18Mit4,BV.CORTICAL,0.477313650525378,0.111362943000152,4.28610844564987,3.3003300330033e-05,0.0033003300330033
D19MIT17,TV,-0.496693277326716,0.116063122222291,4.27950987201101,0,< 0.00323
D2Mit365,BV.TV.TRABECULAR,-0.508586369094366,0.118975066957377,4.27473068182064,6.6006600660066e-05,0.0066006600660066
D12Mit201,BV.TV.TRABECULAR,-0.530305566401171,0.12414226971079,4.27175665175613,6.6006600660066e-05,0.00646864686468647
D17Mit20,BV.CORTICAL,-0.523817421215116,0.122630402961848,4.27151349554059,3.3003300330033e-05,0.00326732673267327
D17Mit76,pctFat,-0.545493904368462,0.127720045226641,4.27101245854146,3.3003300330033e-05,0.00326732673267327
D11Mit213,peri.c,-0.50158971176368,0.11783146592551,4.25684012181239,0,< 0.00323
D12Mit169,BV.TV,-0.49860032480216,0.117149504501533,4.25610272039722,0,< 0.00323
D12MIT133,D7Mit259,-1.3999524751714,0.328968591650355,4.25558096032263,0,< 0.00323
D10Mit77,body.weight,-0.513836812686587,0.120783108133049,4.25421087955914,3.3003300330033e-05,0.0033003300330033
D13Mit88,STIFFNESS,-0.469318939106325,0.110340926688287,4.25335324971624,0,< 0.00323
D3MIT131,BV.CORTICAL,0.518174155173985,0.121840859934743,4.25287670697266,3.3003300330033e-05,0.0033003300330033
D19MIT88,BMD.g.cm2,-0.489309824947988,0.115108481145046,4.2508581477278,0,< 0.00323
D18Mit9,BMD.g.cm2,0.465020207467234,0.109418532070009,4.24992182466587,0,< 0.00323
D2MIT206,cort.thick,0.470066509009563,0.110687613353688,4.24678511684526,0,< 0.00323
D8Mit124,cort.thick,0.517408606912465,0.122025852838283,4.24015562995628,0,< 0.00323
D18Mit64,BMD.g.cm2,0.465828853106698,0.109892906379906,4.2389346906187,0,< 0.00323
D7Mit75,ROI.L2.4.BMD,0.390479454427065,0.0921924953752794,4.23547982769722,0,< 0.00323
D1Mit236,Tb.Th,0.381314890440669,0.0900321431308678,4.23531948902296,0,< 0.00323
D14MIT60,endo.c,0.502336086149694,0.118688183127922,4.23240185257766,3.3003300330033e-05,0.00326732673267327
D18Mit9,BV.TV,0.474826842293024,0.112603957099855,4.21678646578962,3.3003300330033e-05,0.0033003300330033
D19Mit40,BV.TV.TRABECULAR,-0.511824245924569,0.121429438444184,4.21499310613901,6.6006600660066e-05,0.00653465346534653
D17Mit164,BV.CORTICAL,-0.485931285946305,0.115313720192377,4.21399366125411,3.3003300330033e-05,0.0033003300330033
D2Mit323,D12Mit5,-0.935314188418233,0.222073485815355,4.21173281890982,0,< 0.00323
D11Mit213,Tb.Th,0.277866777234481,0.0660350622194415,4.20786727376891,3.3003300330033e-05,0.0033003300330033
D19MIT88,endo.c,-0.531854870458697,0.126442455558562,4.20629975991228,3.3003300330033e-05,0.00326732673267327
D3Mit230,BV.CORTICAL,0.528924199830664,0.125775026027883,4.20531974060897,3.3003300330033e-05,0.0033003300330033
D18Mit147,BMD.g.cm2,0.456708333252394,0.108623260880096,4.20451687375258,0,< 0.00323
D9Mit1001,Tb.N,-0.4783138780619,0.113771476146484,4.20416341830756,6.6006600660066e-05,0.0066006600660066
D8Mit200,TV,-0.571910057190726,0.136049808152671,4.20368146751774,0,< 0.00323
D18Mit123,body.weight,0.472994850735061,0.112610299854872,4.20028053690151,3.3003300330033e-05,0.0033003300330033
D6Mit74,BMD.g.cm2,-0.450431487371911,0.107276200672576,4.19880164051206,0,< 0.00323
D2MIT285,BV.TV,0.47248252716837,0.112637577590665,4.19471491907801,6.6006600660066e-05,0.0066006600660066
D9Mit12,BV.CORTICAL,-0.476206413984076,0.113567475784228,4.19315839060156,3.3003300330033e-05,0.0033003300330033
D7Mit228,pctFat,-0.521897768838534,0.124524458402964,4.19112659096787,3.3003300330033e-05,0.0033003300330033
D16Mit60,Tb.Th,0.347895731395634,0.083032688582498,4.18986470671702,3.3003300330033e-05,0.0033003300330033
D11MIT30,BMD.g.cm2,0.533876643807068,0.127422053205187,4.18982923581815,0,< 0.00323
D4MIT104,BV.TV,0.432172845232512,0.103226861329516,4.18663165445812,6.6006600660066e-05,0.0066006600660066
D6Mit14,Tb.Th,0.353602141730595,0.0846107536012815,4.17916312856525,3.3003300330033e-05,0.0033003300330033
D10Mit77,Femur.Length,-0.437196240340445,0.104659088638579,4.17733658899153,3.3003300330033e-05,0.0033003300330033
D18Mit123,TV,0.483766503860318,0.116086772900784,4.16728359116141,0,< 0.00323
D10MIT96,STIFFNESS,-0.492825384990292,0.118272028318662,4.1668803012532,0,< 0.00323
D7Mit259,Tb.N,0.512939529395986,0.123143316612537,4.16538666901362,6.6006600660066e-05,0.0066006600660066
D9Mit12,endo.c,-0.526997964046443,0.126614301038671,4.16223096224718,3.3003300330033e-05,0.0033003300330033
D15Mit242,endo.c,0.543700180764442,0.130631035508579,4.16210572508809,3.3003300330033e-05,0.0033003300330033
D4Mit15,BV.TV.TRABECULAR,0.497807724899606,0.119616134565925,4.16171051427218,6.6006600660066e-05,0.0066006600660066
D19MIT88,BV.TV.TRABECULAR,-0.509128541070694,0.122340781061097,4.16156032890157,6.6006600660066e-05,0.00653465346534653
sex,STIFFNESS,0.327790005259959,0.0787730808332279,4.16119316132791,0,< 0.00323
D17Mit39,BV.CORTICAL,-0.488425619243701,0.117580456502145,4.15396940761828,3.3003300330033e-05,0.00323432343234323
D9Mit151,pQCT.fem.dens,-0.494061857571476,0.119024871054951,4.15091277304034,0,< 0.00323
D10Mit126,pQCT.fem.dens,-0.476380012008949,0.114805074182018,4.14946826525864,0,< 0.00323
D9Mit1006,body.weight,-0.50702464847656,0.122482665628832,4.13956249134088,9.9009900990099e-05,0.0099009900990099
D15MIT143,body.weight,0.512242855336291,0.123837167621901,4.13642257145504,9.9009900990099e-05,0.0099009900990099
D18Mit9,Femur.Length,0.411252950690984,0.0994229023618295,4.13640057694466,3.3003300330033e-05,0.0033003300330033
D19MIT88,Femur.Length,-0.399364349784389,0.096563631788184,4.1357635622116,3.3003300330033e-05,0.00326732673267327
D1Mit236,D11Mit214,-1.40158199290186,0.338983852340091,4.13465710306372,0,< 0.00323
D9Mit259,ROI.L2.4.BMD,-0.507777166801254,0.122821436512268,4.13427151823399,0,< 0.00323
D14Mit75,ROI.L2.4.BMD,0.644040422426925,0.155845201505118,4.13256498247573,0,< 0.00323
D18Mit147,body.weight,0.469467743271635,0.113636243450795,4.13132051021132,9.9009900990099e-05,0.0098019801980198
D6Mit74,body.weight,-0.460552304699609,0.111550625827123,4.12863936248424,9.9009900990099e-05,0.0099009900990099
D14Mit5,endo.c,0.385726586806945,0.0935623045796435,4.12267086130399,3.3003300330033e-05,0.00326732673267327
D19Mit40,Tb.Th,-0.353858070173547,0.0858551361040651,4.12157136114297,6.6006600660066e-05,0.00653465346534653
D9Mit151,cort.thick,-0.479489006639696,0.116391145394281,4.11963474554188,0,< 0.00323
D10Mit77,STIFFNESS,-0.492297402286086,0.119655238106918,4.11429879773583,3.3003300330033e-05,0.0033003300330033
D5MIT88,BV.CORTICAL,0.516345655861468,0.125554229599653,4.11253095581016,3.3003300330033e-05,0.0033003300330033
D8Mit200,Tb.N,-0.504682133712839,0.122832308508617,4.10870836704525,6.6006600660066e-05,0.0066006600660066
D12Mit60,body.weight,0.516873002299733,0.125982559201456,4.10273458148449,9.9009900990099e-05,0.0097029702970297
D2Mit323,BV.CORTICAL,0.483913017629001,0.118044144416252,4.09942416052935,3.3003300330033e-05,0.0033003300330033
D12MIT133,BV.TV,0.444477070573491,0.108591060087577,4.09312764987308,6.6006600660066e-05,0.0066006600660066
D8Mit92,Tb.N,-0.490146174048754,0.119834918318559,4.09017822956905,6.6006600660066e-05,0.0066006600660066
D4MIT104,cort.thick,0.477694128494805,0.116840496783706,4.08842945420805,0,< 0.00323
D14MIT60,BMD.g.cm2,0.34526610949053,0.0844509363895305,4.08836330597908,3.3003300330033e-05,0.00326732673267327
D8MIT75,BV.TV,0.43820047247383,0.10728084772101,4.08461045734273,6.6006600660066e-05,0.0066006600660066
D10Mit126,body.weight,-0.487981825095872,0.119602190773867,4.0800408582691,9.9009900990099e-05,0.0099009900990099
D17MIT175,D12MIT133,-0.88329873054571,0.216573450649488,4.07851806348728,0,< 0.00323
D3Mit60,endo.c,0.610441501341797,0.149836472790033,4.0740514640732,3.3003300330033e-05,0.0033003300330033
D5Mit66,Tb.N,-0.455472843474485,0.11180623178,4.07376973736771,6.6006600660066e-05,0.0066006600660066
D3MIT178,ROI.L2.4.BMD,-0.563222062865074,0.138494402610023,4.06674964656162,3.3003300330033e-05,0.0033003300330033
D14Mit75,pQCT.fem.dens,0.438353693607384,0.107830684985639,4.06520364463756,6.6006600660066e-05,0.0066006600660066
D8Mit124,pQCT.fem.dens,0.506346544690665,0.124602543363238,4.06369349311414,9.9009900990099e-05,0.0099009900990099
D4Mit111,D2MIT113,-0.936483413993934,0.230472248094336,4.06332398688894,0,< 0.00323
D15MIT143,Tb.Th,0.329455240262727,0.0811302943590699,4.06081652809751,9.9009900990099e-05,0.0099009900990099
D8Mit92,endo.c,-0.456795924284633,0.112527995716463,4.05939803136298,3.3003300330033e-05,0.0033003300330033
D7Mit75,BV.TV.TRABECULAR,0.481820778590604,0.118726267275678,4.05824919494719,9.9009900990099e-05,0.0099009900990099
D18Mit64,BV.TV.TRABECULAR,-0.452054069616254,0.11160819706019,4.0503662053824,9.9009900990099e-05,0.0098019801980198
D1Mit64,cort.thick,0.434575062795562,0.107498032054014,4.04263273003179,3.3003300330033e-05,0.0033003300330033
D6Mit52,pctFat,0.482288473837925,0.119316233279704,4.04210274311404,9.9009900990099e-05,0.0099009900990099
D2MIT285,Tb.Th,0.34546746256146,0.0854799621958595,4.04150228529458,9.9009900990099e-05,0.0099009900990099
D17Mit20,Tb.N,-0.46360080406695,0.114711219474167,4.04145999137733,6.6006600660066e-05,0.00653465346534653
D16Mit60,ROI.L2.4.BMD,0.488601354895068,0.120929063034713,4.04039643269885,3.3003300330033e-05,0.0033003300330033
D4Mit170,pctFat,-0.548033463516656,0.135704403964521,4.03843536028453,9.9009900990099e-05,0.0099009900990099
D5MIT88,Femur.Length,0.435607412701453,0.108095531481785,4.02983737375728,3.3003300330033e-05,0.0033003300330033
D1Mit17,BMD.g.cm2,0.469586458359938,0.116575435238603,4.02817675438058,3.3003300330033e-05,0.0033003300330033
D16Mit189,BV.TV.TRABECULAR,0.49443827247279,0.122794615440841,4.02654685384795,9.9009900990099e-05,0.0098019801980198
D7Mit75,peri.c,0.495860422927392,0.123222214823471,4.02411548630062,6.6006600660066e-05,0.0066006600660066
D4Mit42,pctFat,-0.469142113328615,0.11658501577733,4.02403439413388,9.9009900990099e-05,0.0099009900990099
D19Mit40,Femur.Length,-0.389025143321744,0.0966809614387912,4.02380300663473,6.6006600660066e-05,0.00653465346534653
D14Mit5,BV.CORTICAL,0.491522808366353,0.122175075832141,4.02310213452756,3.3003300330033e-05,0.00326732673267327
D1Mit14,BV.CORTICAL,0.516562274222318,0.128561676944005,4.01801132733595,3.3003300330033e-05,0.0033003300330033
D8Mit92,D9Mit1001,-0.63045781141113,0.156957987811218,4.01672970074908,0,< 0.00323
D1Mit64,BMD.g.cm2,0.444712860493736,0.110745838118933,4.01561691208788,3.3003300330033e-05,0.0033003300330033
D1Mit17,C.Th,0.468276836475964,0.116648384305788,4.01443054066142,0,< 0.00323
D9Mit12,D6Mit86,-1.24896709147296,0.31145121989796,4.01015315297899,0,< 0.00323
D7Mit259,BV.TV.TRABECULAR,0.541640752214515,0.135169969704627,4.00710863069738,9.9009900990099e-05,0.0099009900990099
D5Mit95,peri.c,-0.4762279416457,0.118966558921998,4.00304040026865,6.6006600660066e-05,0.0066006600660066
D10Mit77,Tb.Th,-0.34458917791766,0.0861337125589614,4.00063073656296,0.000198019801980198,0.0198019801980198
D8Mit92,Tb.Th,-0.35706739320535,0.0892699686148461,3.99986018529828,0.000198019801980198,0.0198019801980198
D9Mit253,cort.thick,0.433118468800212,0.108307448962981,3.99897212008244,3.3003300330033e-05,0.0033003300330033
D10Mit126,Femur.Length,-0.444396753650197,0.111137509933548,3.99862075293852,6.6006600660066e-05,0.0066006600660066
D14Mit5,BV.TV,0.464917594783903,0.1163240136286,3.99674650384998,0.000132013201320132,0.0130693069306931
D15MIT143,ROI.L2.4.BMD,0.487639219542933,0.12227891690026,3.98792557134512,3.3003300330033e-05,0.0033003300330033
D19Mit40,Tb.N,-0.439963402533864,0.110493670150591,3.9817973458049,9.9009900990099e-05,0.0098019801980198
D13Mit125,BV.TV,0.438534062949958,0.110174032579776,3.98037588968544,0.000132013201320132,0.0132013201320132
D8Mit92,cort.thick,0.472384911543045,0.11868042832601,3.98031013374356,3.3003300330033e-05,0.0033003300330033
D5MIT88,peri.c,0.496623652392139,0.124787542151401,3.97975345799824,6.6006600660066e-05,0.0066006600660066
D18Mit123,peri.c,0.446612141494355,0.112264570024223,3.9782109475678,6.6006600660066e-05,0.0066006600660066
D4MIT104,C.Th,0.465708608130203,0.117076116459961,3.97782760661923,3.3003300330033e-05,0.0033003300330033
D2Mit395,Tb.N,-0.449096964123322,0.112906570813315,3.97759812283983,9.9009900990099e-05,0.0099009900990099
D1Mit540,D19MIT108,-1.37004753649796,0.344726400607776,3.97430406862508,0,< 0.00323
D14MIT60,BV.TV,0.455276344146288,0.114576603367461,3.97355420535693,0.000132013201320132,0.0130693069306931
D19MIT88,Tb.Th,-0.333483499013745,0.0839454057098673,3.97262359022164,0.000198019801980198,0.0196039603960396
D5Mit95,STIFFNESS,-0.460462273260014,0.116029573343988,3.96849061829179,3.3003300330033e-05,0.0033003300330033
D5MIT88,TV,0.511882332366689,0.129098737957126,3.96504520854949,9.9009900990099e-05,0.0099009900990099
D14MIT60,Tb.Th,0.342713457359084,0.0864601312731315,3.96383225785809,0.000198019801980198,0.0196039603960396
D11MIT30,BV.TV.TRABECULAR,0.451482845238593,0.113905226186667,3.963671030324,9.9009900990099e-05,0.0099009900990099
D9Mit12,BV.TV,-0.44648296585643,0.112682409271652,3.96231291771601,0.000132013201320132,0.0132013201320132
D2Mit395,body.weight,0.464671786879565,0.117413054704912,3.95758195753786,0.000165016501650165,0.0165016501650165
D1Mit14,body.weight,0.508931710631848,0.128653697403767,3.95582653978935,0.000165016501650165,0.0165016501650165
D4Mit15,ROI.L2.4.BMD,0.45991097703987,0.116394869811936,3.95129938100338,6.6006600660066e-05,0.0066006600660066
D18Mit123,pctFat,0.442381802400355,0.111993401647438,3.95007023532511,0.000165016501650165,0.0165016501650165
D16Mit189,Tb.N,0.441967231753104,0.11198585436101,3.94663445910168,9.9009900990099e-05,0.0098019801980198
D10Mit126,pctFat,-0.470060841054661,0.119106992090096,3.94654279153565,0.000165016501650165,0.0165016501650165
D1Mit64,C.Th,0.453113969685312,0.114843986968917,3.94547404391272,3.3003300330033e-05,0.0033003300330033
D9Mit1001,Tb.Th,-0.338011636512529,0.0856946178629297,3.94437416190111,0.000198019801980198,0.0198019801980198
D16Mit5,body.weight,0.491888151629857,0.124860838315706,3.93949102268667,0.000165016501650165,0.0165016501650165
sex,Tb.N,-0.314175765099555,0.0797527791638936,3.93937074536196,9.9009900990099e-05,0.0099009900990099
D19Mit68,endo.c,-0.490262822339638,0.12453889219702,3.93662424396746,9.9009900990099e-05,0.0099009900990099
D2Mit395,pQCT.fem.dens,0.341043779852846,0.0866707356557911,3.93493579202196,0.000132013201320132,0.0132013201320132
D5MIT88,STIFFNESS,0.47859699922462,0.121654881664911,3.93405503071284,6.6006600660066e-05,0.0066006600660066
D5Mit200,BV.TV.TRABECULAR,-0.486768325331505,0.123752804370394,3.93339227994057,9.9009900990099e-05,0.0099009900990099
D12Mit60,Femur.Length,0.411673539916904,0.104668174202207,3.93313003742282,9.9009900990099e-05,0.0097029702970297
D5Mit66,BV.TV.TRABECULAR,-0.482084598167772,0.122577589723051,3.93289343718526,9.9009900990099e-05,0.0099009900990099
D2MIT206,STIFFNESS,0.446526462634285,0.113590890755557,3.93100590781694,6.6006600660066e-05,0.0066006600660066
D6Mit52,body.weight,0.471733240954221,0.120192078149087,3.92482806037416,0.000165016501650165,0.0165016501650165
D19Mit68,peri.c,-0.459074742481342,0.116989805117146,3.92405767341568,6.6006600660066e-05,0.0066006600660066
D5Mit200,BV.CORTICAL,0.458101234405761,0.116786701220531,3.92254622845044,3.3003300330033e-05,0.0033003300330033
D18Mit9,body.weight,0.468974124324833,0.119583657082804,3.92172422022601,0.000165016501650165,0.0165016501650165
D9Mit1001,BV.CORTICAL,-0.501543678247764,0.127921269919285,3.92072153883577,3.3003300330033e-05,0.0033003300330033
D2Mit323,cort.thick,0.384373506744856,0.0980766418595214,3.9191136590444,3.3003300330033e-05,0.0033003300330033
D17Mit164,cort.thick,0.439641206030229,0.112306304803188,3.9146618420104,3.3003300330033e-05,0.0033003300330033
D7Mit75,Tb.N,0.423580045230161,0.108257379843887,3.91271288701966,9.9009900990099e-05,0.0099009900990099
D11Mit188,BV.CORTICAL,0.467508984134124,0.119520691929876,3.91153177399957,3.3003300330033e-05,0.0033003300330033
D18Mit147,peri.c,0.457361756289848,0.117002304706557,3.90899783928973,6.6006600660066e-05,0.00653465346534653
D16Mit60,cort.thick,0.367934407456446,0.094173985733365,3.90696437653366,3.3003300330033e-05,0.0033003300330033
D4MIT104,BMD.g.cm2,0.45882917253133,0.117446749802933,3.90669961749652,6.6006600660066e-05,0.0066006600660066
D6Mit74,Femur.Length,-0.40652888107595,0.104099123382405,3.90520945678457,9.9009900990099e-05,0.0099009900990099
D13Mit125,ROI.L2.4.BMD,-0.486493857112152,0.124622649057247,3.90373548301541,6.6006600660066e-05,0.0066006600660066
D8Mit124,ROI.L2.4.BMD,-0.510222150454993,0.130769034446478,3.90170465519359,6.6006600660066e-05,0.0066006600660066
D4Mit170,D4Mit15,-0.706425380229308,0.181172918417188,3.89917757245935,0,< 0.00323
D2Mit395,BV.TV,0.334798769711858,0.0858694900154603,3.89892579601415,0.000132013201320132,0.0132013201320132
D6Mit74,STIFFNESS,-0.438913313303666,0.112577274396103,3.89877367042436,9.9009900990099e-05,0.0099009900990099
D11MIT30,BV.CORTICAL,0.505636184728332,0.129769484174523,3.89641823688161,3.3003300330033e-05,0.0033003300330033
D19MIT17,Femur.Length,-0.379124540902176,0.0973083504564608,3.89611517535496,9.9009900990099e-05,0.0099009900990099
D2Mit395,pctFat,0.459109424956483,0.117847955803922,3.89577758752439,0.000198019801980198,0.0198019801980198
D16Mit5,BV.TV.TRABECULAR,0.504795003885595,0.129586931927777,3.89541596807718,9.9009900990099e-05,0.0099009900990099
D16Mit5,Tb.Th,0.350702870784114,0.0900344379304318,3.8952080875442,0.000198019801980198,0.0198019801980198
D10MIT96,BV.CORTICAL,-0.498180335090706,0.127982135092287,3.89257715329934,3.3003300330033e-05,0.0033003300330033
D8Mit200,STIFFNESS,-0.502334467130598,0.129062654496747,3.89217523139707,9.9009900990099e-05,0.0099009900990099
D4Mit15,D1Mit7,-0.677469103398698,0.174374105752585,3.88514739889157,0,< 0.00323
D14Mit68,TV,0.461200023051647,0.118818389055507,3.88155425029533,0.000132013201320132,0.0132013201320132
D1Mit64,BV.TV,0.423508742771633,0.1091167661456,3.8812435314159,0.000132013201320132,0.0132013201320132
D18Mit64,STIFFNESS,0.341986282318859,0.0881311617151094,3.88042408228267,9.9009900990099e-05,0.0098019801980198
D6Mit74,peri.c,-0.447878770771166,0.115505195385107,3.87756385570268,6.6006600660066e-05,0.0066006600660066
D19Mit40,BMD.g.cm2,-0.412047155074163,0.106352219562641,3.87436347608589,6.6006600660066e-05,0.00653465346534653
D4MIT104,BV.CORTICAL,0.493866638296531,0.127500754704454,3.87344090190925,3.3003300330033e-05,0.0033003300330033
D19Mit68,STIFFNESS,-0.441689977819098,0.114057316496312,3.87252647517249,9.9009900990099e-05,0.0099009900990099
D19MIT88,Tb.N,-0.431038747685784,0.111486307647977,3.86629315096531,9.9009900990099e-05,0.0098019801980198
D11MIT30,Tb.N,0.401758129838473,0.103916568561798,3.86616047275994,9.9009900990099e-05,0.0099009900990099
D10Mit77,endo.c,0.467500567535727,0.120958524783839,3.86496584983309,9.9009900990099e-05,0.0099009900990099
D17Mit164,D4MIT104,-1.32933747049821,0.344163852808829,3.86251333383525,0,< 0.00323
D9Mit151,endo.c,-0.482751773891851,0.125218988689881,3.85526012422476,9.9009900990099e-05,0.0099009900990099
D5MIT88,BMD.g.cm2,0.458175304040659,0.118900142189488,3.85344622473601,9.9009900990099e-05,0.0099009900990099
D3MIT131,Femur.Length,0.36245115435439,0.0941622244903619,3.84922038870789,0.000132013201320132,0.0132013201320132
D1Mit64,endo.c,-0.484713506394806,0.125986218156281,3.84735341284344,9.9009900990099e-05,0.0099009900990099
D2Mit395,BV.TV.TRABECULAR,-0.476400632747375,0.12390036159622,3.84503020499587,9.9009900990099e-05,0.0099009900990099
D14Mit5,body.weight,-0.441297488684404,0.114895279600989,3.84086700704287,0.000231023102310231,0.0228712871287129
D14Mit68,D3Mit57,-0.7262213728659,0.189288003899083,3.83659480741886,0,< 0.00323
D17Mit20,cort.thick,0.445456286935629,0.116129648923981,3.83585321287957,3.3003300330033e-05,0.00326732673267327
D8MIT75,peri.c,-0.444349681200421,0.115930973638098,3.83288147469155,9.9009900990099e-05,0.0099009900990099
D12MIT133,cort.thick,0.410321371313242,0.107055719192587,3.83278328713197,3.3003300330033e-05,0.0033003300330033
D7Mit75,Femur.Length,0.384280898281283,0.100288294520083,3.83176222230332,0.000132013201320132,0.0132013201320132
D14Mit98,body.weight,-0.486948280863771,0.127087829519211,3.83158861636049,0.000231023102310231,0.0231023102310231
D15MIT80,peri.c,0.429311811810112,0.11207723280389,3.8304997462001,0.000132013201320132,0.0132013201320132
D11Mit214,Femur.Length,-0.397382705506056,0.103751184447403,3.83015102548067,0.000132013201320132,0.0132013201320132
D4Mit15,Tb.N,0.429251961453172,0.112097167145943,3.82928464993512,9.9009900990099e-05,0.0099009900990099
D16Mit5,BV.TV,0.437410703396195,0.11427434177712,3.82772454948216,0.000132013201320132,0.0132013201320132
D16Mit5,D6Mit14,-1.17575657325849,0.307339409801398,3.82559650914361,0,< 0.00323
D9Mit253,BV.TV.TRABECULAR,-0.648587207203743,0.169648058239824,3.82313369179189,9.9009900990099e-05,0.0099009900990099
D9Mit151,body.weight,-0.459706264362574,0.120271427760912,3.82224001927064,0.000231023102310231,0.0231023102310231
D15MIT80,TV,0.442482087250376,0.115786266221816,3.82154206788824,0.000231023102310231,0.0231023102310231
D9Mit90,cort.thick,0.383027765510157,0.100245993729333,3.82087853350374,3.3003300330033e-05,0.0033003300330033
D1Mit236,BV.CORTICAL,0.474670903735226,0.124253116270269,3.82019315075161,9.9009900990099e-05,0.0099009900990099
D1Mit17,D1Mit14,-0.701654769572474,0.183858347792122,3.81627909745928,0,< 0.00323
D9Mit90,Tb.Th,-0.320349709355241,0.0839618679016972,3.81541903915606,0.000231023102310231,0.0231023102310231
D12Mit60,pctFat,0.479553099709609,0.125735663832489,3.81397835023557,0.000198019801980198,0.0194059405940594
D7MIT7,Tb.N,0.381786503986386,0.100103451580959,3.81391947986546,9.9009900990099e-05,0.0099009900990099
D18Mit4,cort.thick,0.447776533313125,0.117438954919281,3.81284501059204,3.3003300330033e-05,0.0033003300330033
D18Mit64,TV,0.460336037815661,0.120810917087536,3.81038443307333,0.000231023102310231,0.0228712871287129
D6Mit86,Femur.Length,-0.408779870376289,0.107340538886842,3.80825245164108,0.000132013201320132,0.0132013201320132
D3Mit230,BV.TV,-0.444071098983186,0.116625435482902,3.80766937456184,0.000198019801980198,0.0198019801980198
D5Mit95,Femur.Length,-0.440599890824517,0.115761839755659,3.80608922382801,0.000132013201320132,0.0132013201320132
D12Mit169,pQCT.fem.dens,-0.449207614130679,0.118058870261004,3.80494589807249,0.000132013201320132,0.0130693069306931
D18Mit147,D2Mit365,-1.03193445218664,0.271297533398431,3.80370008993457,0,< 0.00323
D18Mit147,pctFat,0.462577353211875,0.121668004604525,3.80196383359337,0.000198019801980198,0.0196039603960396
D7MIT93,body.weight,-0.493753954210164,0.129955017670012,3.79942200819001,0.000231023102310231,0.0231023102310231
D2Mit323,D18Mit123,-0.600567427554745,0.158329309912948,3.79315382530845,0,< 0.00323
D4Mit42,BV.TV.TRABECULAR,0.47101899520293,0.12420594549034,3.79224193611216,9.9009900990099e-05,0.0099009900990099
D17Mit164,pQCT.fem.dens,0.437739582424929,0.115462016690704,3.79119986789708,0.000132013201320132,0.0132013201320132
D16Mit5,BMD.g.cm2,0.433975207082266,0.11456181336389,3.78813144048096,0.000165016501650165,0.0165016501650165
D5Mit200,Tb.N,-0.427344702120595,0.112884329092173,3.78568668970569,9.9009900990099e-05,0.0099009900990099
D10Mit77,peri.c,-0.464260704371023,0.122683997918105,3.78419934342971,0.000198019801980198,0.0198019801980198
D8Mit292,STIFFNESS,-0.440885807545991,0.11651293333631,3.78400744811214,0.000165016501650165,0.0165016501650165
D8Mit92,C.Th,0.466621526635796,0.123323598117756,3.78371644809002,6.6006600660066e-05,0.0066006600660066
D6Mit14,cort.thick,0.416794407990832,0.110201517299336,3.78211133753004,3.3003300330033e-05,0.0033003300330033
D17MIT175,D19MIT108,-1.27971632320461,0.338409609072197,3.7815602420781,0,< 0.00323
D8Mit200,D17Mit76,-0.757863326877196,0.200463782730887,3.78054986568119,0,< 0.00323
D2MIT206,Femur.Length,0.380914578460834,0.100771784544298,3.77997254076005,0.000132013201320132,0.0132013201320132
D18Mit4,BV.TV,0.431063588123459,0.114064046058262,3.77913639766277,0.000198019801980198,0.0198019801980198
D8Mit92,STIFFNESS,-0.451355590681698,0.119507727081776,3.77679001771031,0.000165016501650165,0.0165016501650165
D17Mit76,C.Th,0.43559728125961,0.115495336091619,3.77155732863587,6.6006600660066e-05,0.00653465346534653
D9Mit90,pQCT.fem.dens,0.385569111223578,0.102365802828639,3.76658122702385,0.000165016501650165,0.0165016501650165
D18Mit9,pctFat,0.436080425287947,0.11578675462437,3.76623756925098,0.000231023102310231,0.0231023102310231
D5Mit95,TV,-0.463279487643705,0.12302579810567,3.76571007688794,0.000264026402640264,0.0264026402640264
D12Mit169,body.weight,0.48253264237573,0.128205299846995,3.76374957159806,0.000264026402640264,0.0261386138613861
D10Mit77,D5Mit95,-1.59772492135707,0.424568583334761,3.76317274539673,0,< 0.00323
D9Mit90,D6Mit86,-1.24287801761327,0.33045658879529,3.76109316550261,0,< 0.00323
D16Mit60,pctFat,0.419719081104251,0.111625954384088,3.76004920558225,0.000231023102310231,0.0231023102310231
D12Mit5,D5Mit146,-1.0753696124725,0.286065675164851,3.75917037880477,0,< 0.00323
D16Mit132,pQCT.fem.dens,0.50820731902052,0.135209612687592,3.75866263439979,0.000198019801980198,0.0198019801980198
D8Mit292,Femur.Length,-0.388446980131854,0.103376522681855,3.75759379455348,0.000132013201320132,0.0132013201320132
D8Mit124,Tb.N,-0.453700403293374,0.120831282011709,3.75482570191888,0.000132013201320132,0.0132013201320132
D8Mit124,C.Th,0.440360819028474,0.117361779920478,3.75216547778038,6.6006600660066e-05,0.0066006600660066
D9Mit253,Tb.N,-0.579908411396709,0.154633868761283,3.75020308320647,0.000132013201320132,0.0132013201320132
D18Mit123,BMD.g.cm2,0.409737102190238,0.109284407775188,3.74927320860921,0.000165016501650165,0.0165016501650165
D4MIT104,Tb.Th,0.335315472610349,0.089504988886293,3.74633276628114,0.000264026402640264,0.0264026402640264
D12Mit169,pctFat,0.470113065198036,0.125575805284566,3.74365956987269,0.000231023102310231,0.0228712871287129
D4Mit42,D2MIT113,-0.953361021995339,0.254816878449269,3.74135743203974,0,< 0.00323
D3MIT178,cort.thick,0.419270371988538,0.112079901844638,3.74081673063667,3.3003300330033e-05,0.0033003300330033
D4Mit111,BV.TV.TRABECULAR,0.50367875223902,0.134728885187113,3.73846151506043,0.000132013201320132,0.0132013201320132
D13Mit16,BV.CORTICAL,0.460540871205248,0.123239406550139,3.7369611238584,9.9009900990099e-05,0.0099009900990099
D13Mit88,Femur.Length,-0.365130526020994,0.097798434209146,3.73350073519733,0.000165016501650165,0.0165016501650165
D10Mit77,TV,-0.473477491715716,0.126870079251139,3.73198704147152,0.000264026402640264,0.0264026402640264
D4Mit15,D14Mit68,-0.662996967662913,0.177767949290389,3.7295641329579,0,< 0.00323
D13Mit16,peri.c,-0.457242777717341,0.122657969074533,3.72778696049907,0.000231023102310231,0.0231023102310231
D6Mit74,TV,-0.414754672597014,0.111263679857841,3.72767351508538,0.000264026402640264,0.0264026402640264
D14Mit75,STIFFNESS,0.421424407575352,0.113102113798436,3.72605244431056,0.000231023102310231,0.0231023102310231
D17Mit39,D3Mit19,-1.37060144109198,0.368167583906551,3.72276512382978,0,< 0.00323
D16Mit132,cort.thick,0.457625884737123,0.123020402368448,3.71991861452807,3.3003300330033e-05,0.0033003300330033
D10MIT96,body.weight,-0.561973798335183,0.151138723036967,3.718264830104,0.000297029702970297,0.0297029702970297
D15Mit242,peri.c,0.460183800325242,0.123797311079113,3.71723582938857,0.000231023102310231,0.0231023102310231
D5Mit95,endo.c,-0.472453968440194,0.127110022634494,3.71688997175887,0.000165016501650165,0.0165016501650165
D16Mit5,Tb.N,0.43871967247498,0.118095232019469,3.71496515966583,0.000132013201320132,0.0132013201320132
D2Mit395,Femur.Length,0.371526066541245,0.100178285026746,3.7086487000856,0.000165016501650165,0.0165016501650165
D10MIT96,endo.c,-0.462213071077262,0.124638401448812,3.70843227853086,0.000165016501650165,0.0165016501650165
D8Mit92,peri.c,-0.45465000460867,0.122604044676331,3.70827900342867,0.000231023102310231,0.0231023102310231
D2Mit365,BV.CORTICAL,0.45973522173394,0.12401185543307,3.7071876727307,0.000132013201320132,0.0132013201320132
D8Mit124,BV.TV.TRABECULAR,-0.49125291287897,0.132603310028808,3.70468062050822,0.000132013201320132,0.0132013201320132
D18Mit9,STIFFNESS,0.401650545310512,0.108444987867044,3.70372622294857,0.000231023102310231,0.0231023102310231
D8Mit124,D6Mit14,-1.90246392407555,0.513954239884865,3.70162122702157,0,< 0.00323
D4MIT104,STIFFNESS,0.443673145756884,0.119884399975934,3.70084135922562,0.000231023102310231,0.0231023102310231
D5MIT88,ROI.L2.4.BMD,0.455477936988178,0.123109799313076,3.69976995762839,6.6006600660066e-05,0.0066006600660066
D11Mit214,cort.thick,0.440354776250413,0.119060828823911,3.69856971936327,3.3003300330033e-05,0.0033003300330033
D6Mit86,TV,-0.474011742707697,0.128166112750137,3.6984170974413,0.00033003300330033,0.033003300330033
D19Mit40,BV.TV,-0.419526288705839,0.113441839256868,3.69816190793505,0.000297029702970297,0.0294059405940594
D14Mit5,TV,0.337204817697871,0.0912180230151319,3.69669070378704,0.00033003300330033,0.0326732673267327
D18Mit9,BV.TV.TRABECULAR,-0.444597571904566,0.120327425628595,3.69489806319692,0.000132013201320132,0.0132013201320132
D15MIT80,STIFFNESS,0.438040697089379,0.118553126890153,3.69488944391361,0.000231023102310231,0.0231023102310231
D2Mit395,Tb.Th,0.239111437933089,0.0647147596945558,3.69485167003107,0.000297029702970297,0.0297029702970297
D4Mit170,D5Mit200,-0.954427152795052,0.258319453914708,3.69475522780481,0,< 0.00323
D14Mit98,STIFFNESS,0.442020748727463,0.11973716204351,3.69159199352698,0.000231023102310231,0.0231023102310231
D4Mit111,Tb.N,0.453888384284301,0.122964748481477,3.69120735730757,0.000132013201320132,0.0132013201320132
D1Mit540,BV.CORTICAL,0.482473429542455,0.130761685730331,3.68971558333575,0.000132013201320132,0.0132013201320132
D10Mit14,BV.TV,0.540901943161973,0.146640784166782,3.68861873069896,0.000297029702970297,0.0297029702970297
D1Mit7,TV,-0.439547991445683,0.119321666137502,3.68372321367994,0.000396039603960396,0.0396039603960396
D9Mit12,body.weight,-0.448017242826417,0.121679594428759,3.6819422757751,0.000297029702970297,0.0297029702970297
D18Mit9,Tb.Th,0.333921496401257,0.0907141255289415,3.68103086982548,0.000297029702970297,0.0297029702970297
D3Mit60,Femur.Length,0.448043940908352,0.121781931246095,3.67906746365314,0.000198019801980198,0.0198019801980198
D15Mit242,TV,0.470590723859584,0.12793691542041,3.67830287539127,0.000396039603960396,0.0396039603960396
D10Mit14,Tb.N,0.476027288032633,0.129445679523935,3.67742893994863,0.000132013201320132,0.0132013201320132
D2Mit395,BMD.g.cm2,0.405397836700755,0.110249451236538,3.67709618645611,0.000231023102310231,0.0231023102310231
D6Mit86,peri.c,-0.455755662556123,0.123979166569857,3.67606651315345,0.000264026402640264,0.0264026402640264
D3Mit230,Femur.Length,0.365794118810615,0.0995208620222936,3.67555215436813,0.000198019801980198,0.0198019801980198
D16Mit5,Femur.Length,0.382010834075674,0.103946215471444,3.67508169819437,0.000198019801980198,0.0198019801980198
D14Mit5,D7MIT93,-0.996201590530133,0.271195848066278,3.67336593695443,0,< 0.00323
D13Mit16,TV,-0.451845949171333,0.123071542275554,3.67140884738132,0.000396039603960396,0.0396039603960396
D19Mit68,TV,-0.444015212952663,0.120980213577262,3.67014737223208,0.000396039603960396,0.0396039603960396
D14Mit68,D10Mit126,-0.896745949126805,0.244407424961508,3.66906181049137,0,< 0.00323
D8Mit92,BV.CORTICAL,-0.461112936058168,0.125741801785266,3.66714115362867,0.000132013201320132,0.0132013201320132
D3Mit60,C.Th,0.466282892501922,0.12728648111703,3.66325542516343,6.6006600660066e-05,0.0066006600660066
D2Mit323,BV.TV,-0.395821171251389,0.108056372219161,3.66309883556502,0.00033003300330033,0.033003300330033
D7Mit228,BMD.g.cm2,0.399528918805334,0.109077172326198,3.66280964462972,0.000297029702970297,0.0297029702970297
D9Mit1001,body.weight,-0.452626044381577,0.12358552676674,3.66245187622884,0.000297029702970297,0.0297029702970297
D6Mit14,pQCT.fem.dens,0.413684401981044,0.112966039021099,3.66202449484647,0.000363036303630363,0.0363036303630363
D6Mit14,BV.TV,0.41056665467363,0.112149291314889,3.66089388403584,0.00033003300330033,0.033003300330033
D4Mit15,endo.c,0.437836321647177,0.119732592227433,3.656784786013,0.000165016501650165,0.0165016501650165
D7MIT7,pctFat,-0.446211065966215,0.122119900360969,3.65387676084962,0.000231023102310231,0.0231023102310231
D7Mit228,body.weight,-0.461353832622586,0.126358905059825,3.65113825894705,0.000297029702970297,0.0297029702970297
D16Mit5,pctFat,0.444089065533601,0.121643265320007,3.65074929849454,0.000231023102310231,0.0231023102310231
D10Mit14,Femur.Length,-0.452761988998837,0.124050853035325,3.64980955729426,0.000264026402640264,0.0264026402640264
D2MIT206,body.weight,0.441604512714875,0.121016841257775,3.64911617362598,0.000297029702970297,0.0297029702970297
D3MIT178,Femur.Length,0.361584872393321,0.0991531314238932,3.64673174917186,0.000264026402640264,0.0264026402640264
D5Mit200,BMD.g.cm2,0.391596320562356,0.107390289318157,3.64647793621455,0.000297029702970297,0.0297029702970297
D9Mit1001,D6Mit86,-1.19765122635332,0.328478683865035,3.64605463058117,0,< 0.00323
D4Mit42,Tb.N,0.4123624402776,0.113169026888562,3.64377472896057,0.000132013201320132,0.0132013201320132
D17Mit76,BMD.g.cm2,-0.421052485102346,0.115562180054208,3.64351455558245,0.000297029702970297,0.0294059405940594
D6Mit86,STIFFNESS,-0.440743981103661,0.120991681773988,3.64276266468442,0.000264026402640264,0.0264026402640264
D1Mit7,peri.c,-0.420439216508445,0.115419642193914,3.64270074414262,0.000363036303630363,0.0363036303630363
D10Mit126,BV.TV,-0.414312738620478,0.113799830428766,3.64071490317221,0.00033003300330033,0.033003300330033
D11Mit214,endo.c,-0.438664240868466,0.120560966066362,3.63852625921234,0.000165016501650165,0.0165016501650165
D2Mit365,ROI.L2.4.BMD,-0.430519585701469,0.118434730745558,3.63507885728542,6.6006600660066e-05,0.0066006600660066
D10Mit14,D3Mit19,-1.30582798138979,0.359377197195646,3.63358608052947,0,< 0.00323
D17Mit164,pctFat,-0.461946376820813,0.127324382761922,3.62810615531973,0.000264026402640264,0.0264026402640264
D12MIT133,endo.c,-0.358153576852,0.0987255130287918,3.62777124032316,0.000165016501650165,0.0165016501650165
D1Mit17,D10Mit77,-1.3789533157679,0.380528373580282,3.6237857976101,0,< 0.00323
D1Mit386,TV,-0.449911310689019,0.124219045337438,3.62191892126401,0.000429042904290429,0.0429042904290429
D1Mit386,peri.c,-0.435086745942953,0.120306048503709,3.61649934774093,0.000396039603960396,0.0396039603960396
D1Mit17,D7Mit75,-0.672917262153131,0.186283596506389,3.61232698301513,0,< 0.00323
D9Mit253,body.weight,-0.430923556259969,0.119341795643463,3.61083519764831,0.00033003300330033,0.033003300330033
D12Mit60,BV.CORTICAL,0.453027326016765,0.125515854960525,3.60932350864553,0.000132013201320132,0.0129372937293729
D19MIT108,BV.CORTICAL,-0.414917479158106,0.1149819877196,3.60854328044791,0.000132013201320132,0.0132013201320132
D10Mit14,TV,-0.533911082952051,0.147988165348148,3.60779581053665,0.000429042904290429,0.0429042904290429
D16Mit132,BV.CORTICAL,0.513995256644956,0.142559517648006,3.60547836528224,0.000132013201320132,0.0132013201320132
D2Mit395,STIFFNESS,0.405409586482572,0.112537497833176,3.60244002477776,0.00033003300330033,0.033003300330033
D2Mit323,D12Mit201,-0.91016517557659,0.252766927455551,3.60080800419051,0,< 0.00323
D17MIT175,D5Mit200,-0.932113408529848,0.258926795399679,3.59991095974073,0,< 0.00323
D9Mit1001,cort.thick,0.403276143387584,0.112033717062127,3.59959621052251,0.000132013201320132,0.0132013201320132
D6Mit86,BMD.g.cm2,-0.425665032493977,0.118255298654878,3.5995430000668,0.00033003300330033,0.033003300330033
D2MIT285,Tb.N,-0.396812289426339,0.110289395467516,3.59791880030038,0.000165016501650165,0.0165016501650165
D4Mit15,D2MIT285,-0.73371229499092,0.204052480647611,3.59570387315215,0,< 0.00323
D9Mit253,D19Mit68,-0.849937523616218,0.236395913049493,3.59539855258949,0,< 0.00323
D10Mit126,BMD.g.cm2,-0.394384873601459,0.109891645101778,3.58885221197838,0.00033003300330033,0.033003300330033
D6Mit52,Tb.Th,0.302954464156682,0.0844262166328289,3.58839322948979,0.000429042904290429,0.0429042904290429
D17Mit164,ROI.L2.4.BMD,-0.464049886398861,0.129332114964506,3.58804838632861,0.000198019801980198,0.0198019801980198
D15MIT80,endo.c,0.423955920679983,0.118245930365537,3.5853743073389,0.000264026402640264,0.0264026402640264
D4Mit42,D7MIT7,-0.756101099614695,0.210885288909706,3.58536673432177,0,< 0.00323
D12Mit5,C.Th,0.396278015955727,0.110545537803524,3.58474908919474,6.6006600660066e-05,0.00653465346534653
D2MIT113,BV.CORTICAL,0.433440302124346,0.121003516075089,3.58204716840934,0.000132013201320132,0.0132013201320132
D9Mit90,BV.CORTICAL,-0.442258715410159,0.123496273386119,3.58115029129187,0.000132013201320132,0.0132013201320132
D7MIT7,STIFFNESS,0.413178260070532,0.115410972187409,3.58006047639559,0.00033003300330033,0.033003300330033
D12Mit169,Femur.Length,0.357613680292156,0.0999732915616814,3.5770921883823,0.00033003300330033,0.0326732673267327
D17Mit39,D9Mit151,-0.627616562898856,0.175465276396492,3.57687045430377,0,< 0.00323
D18Mit4,pQCT.fem.dens,0.410729088506693,0.114893854254525,3.57485690746177,0.000462046204620462,0.0462046204620462
D12Mit5,cort.thick,0.381698268502315,0.106826825064701,3.57305637672125,0.000198019801980198,0.0196039603960396
D1Mit236,BMD.g.cm2,0.479301807547252,0.134204511397456,3.57142843080562,0.00033003300330033,0.033003300330033
D15Mit67,body.weight,0.398507406490509,0.111616295074883,3.57033358098072,0.000396039603960396,0.0396039603960396
D2MIT206,TV,0.429702949332481,0.120408629500205,3.5687055912529,0.000462046204620462,0.0462046204620462
D16Mit132,Tb.Th,0.368496921256149,0.103285096156116,3.5677647111754,0.000429042904290429,0.0429042904290429
D15MIT143,D7Mit332,-1.2475437605889,0.34981953595937,3.56624954397571,0,< 0.00323
D1Mit64,BV.CORTICAL,0.429438506412457,0.120485032062571,3.56424776639008,0.000165016501650165,0.0165016501650165
D17Mit39,cort.thick,0.350636769205965,0.0984284165329052,3.56235304353133,0.000231023102310231,0.0226402640264026
D6Mit74,pctFat,-0.395131279559814,0.110919869748537,3.56231287014313,0.000396039603960396,0.0396039603960396
D14Mit98,BMD.g.cm2,0.314996195187603,0.0885860563894278,3.55582140154052,0.00033003300330033,0.033003300330033
D9Mit253,C.Th,0.400174190961742,0.112553114764162,3.55542529231862,6.6006600660066e-05,0.0066006600660066
D12Mit60,D2Mit395,-0.822253259746514,0.231274734204019,3.55530950052314,0,< 0.00323
D7Mit75,TV,0.452457007971557,0.127339553601547,3.55315371520243,0.000495049504950495,0.0495049504950495
D14Mit75,BV.CORTICAL,0.426056711604522,0.12013890607189,3.54636749688374,0.000165016501650165,0.0165016501650165
D15MIT80,BV.CORTICAL,0.415169416150796,0.117080857565801,3.54600593796868,0.000165016501650165,0.0165016501650165
D3Mit19,Tb.N,0.416946937011296,0.117689599324521,3.54276792005718,0.000198019801980198,0.0198019801980198
D8Mit200,D17Mit20,-0.660609420485002,0.186530496250535,3.54156255284774,0,< 0.00323
D4MIT104,Femur.Length,0.377625503625692,0.106714709243255,3.53864529363892,0.00033003300330033,0.033003300330033
D9Mit259,D9Mit12,-1.13809348782762,0.321732830464797,3.53738686283105,0,< 0.00323
D1Mit540,TV,-0.417238543888213,0.117962248470022,3.53705146603955,0.000495049504950495,0.0495049504950495
D16Mit132,C.Th,0.451513542899217,0.127674240550225,3.53644980344801,0.000132013201320132,0.0132013201320132
D11Mit214,pQCT.fem.dens,0.431103066048318,0.121918623889821,3.53599025558156,0.000495049504950495,0.0495049504950495
D19MIT88,C.Th,-0.41337103129913,0.117040053098693,3.53187665551176,0.000132013201320132,0.0130693069306931
D6Mit74,BV.TV.TRABECULAR,-0.428585703010517,0.121517742029152,3.526939324693,0.000429042904290429,0.0429042904290429
D2Mit365,C.Th,0.414304484211519,0.117483377071952,3.52649450958308,0.000165016501650165,0.0165016501650165
D12Mit60,TV,0.44002259048225,0.124801337700466,3.52578424710753,0.000495049504950495,0.0485148514851485
sex,BV.TV.TRABECULAR,0.292981484378283,0.0831173147080511,3.52491518051777,0.000429042904290429,0.0429042904290429
D5Mit143,Tb.N,0.413513217624129,0.117336818358935,3.52415570327794,0.000264026402640264,0.0264026402640264
D11Mit214,C.Th,0.435891371477379,0.123965002471114,3.5162454143374,0.000165016501650165,0.0165016501650165
D5Mit95,BV.CORTICAL,-0.487263693771687,0.138615794276314,3.51521048748879,0.000231023102310231,0.0231023102310231
D2MIT285,STIFFNESS,0.397747605057711,0.113197226977377,3.51375749811612,0.000462046204620462,0.0462046204620462
D3MIT178,endo.c,0.434728867034377,0.123817955501372,3.51103250957458,0.000363036303630363,0.0363036303630363
D8Mit292,ROI.L2.4.BMD,-0.433413012076747,0.123525204695451,3.50870102296385,0.000297029702970297,0.0297029702970297
D6Mit14,C.Th,0.397675243834174,0.113494461358284,3.50391762800456,0.000165016501650165,0.0165016501650165
D5Mit143,BV.TV.TRABECULAR,0.462663704062198,0.132126213895288,3.50167987428192,0.000462046204620462,0.0462046204620462
D11Mit213,STIFFNESS,-0.405045327634547,0.115728471002922,3.49996266367609,0.000495049504950495,0.0495049504950495
D7Mit332,Tb.N,0.429523944116027,0.122748374351472,3.49922307635738,0.000297029702970297,0.0297029702970297
D9Mit253,BV.CORTICAL,-0.409620807574583,0.117200661536875,3.49503835731936,0.000264026402640264,0.0264026402640264
D17Mit164,D9Mit151,-0.62460933507471,0.178830045938573,3.49275387028229,0,< 0.00323
D7MIT7,BV.TV.TRABECULAR,0.383771527848242,0.10993880993155,3.49077389583521,0.000462046204620462,0.0462046204620462
D7Mit332,STIFFNESS,0.368429632010199,0.105575859769829,3.48971472089767,0.000495049504950495,0.0495049504950495
D10MIT96,C.Th,-0.425033724230795,0.121945488737257,3.48544032773997,0.000165016501650165,0.0165016501650165
D19MIT17,BMD.g.cm2,-0.37335801306772,0.10715181979082,3.48438331515586,0.000429042904290429,0.0429042904290429
D7MIT93,Tb.N,0.40023420355815,0.114882575210636,3.48385473449149,0.000297029702970297,0.0297029702970297
D2MIT113,C.Th,0.405992498741055,0.116687262986712,3.47932146447972,0.000165016501650165,0.0165016501650165
D7MIT93,ROI.L2.4.BMD,0.43084603437773,0.123952086471959,3.47590788215735,0.00033003300330033,0.033003300330033
D5Mit66,Femur.Length,0.334756496670417,0.0963106779184255,3.47579836322981,0.000462046204620462,0.0462046204620462
D1Mit236,D16Mit60,-0.780193467554528,0.224469342401155,3.47572394166962,0,< 0.00323
D5Mit66,BV.CORTICAL,0.368815941613549,0.106240658698685,3.47151407127065,0.000297029702970297,0.0297029702970297
D4Mit15,D1Mit236,-0.679597603890933,0.195904918847967,3.46901756161793,0,< 0.00323
D14Mit68,D7MIT7,-1.11688569138531,0.32228798346958,3.46548971314883,0,< 0.00323
D7Mit259,ROI.L2.4.BMD,0.442480900247903,0.127682717850605,3.46547213042274,0.00033003300330033,0.033003300330033
D1Mit386,BV.CORTICAL,0.428705075614755,0.123752267873683,3.46421995314335,0.000297029702970297,0.0297029702970297
D11Mit2,D1Mit386,-0.544426237835474,0.157295432467314,3.46117003714399,0,< 0.00323
D12Mit5,Tb.N,-0.377996336277979,0.10949118886492,3.45229913198144,0.000396039603960396,0.0392079207920792
D11Mit214,pctFat,-0.446226498410424,0.12941084101396,3.44813846285325,0.000495049504950495,0.0495049504950495
D8MIT75,BV.CORTICAL,0.415836963989421,0.120904845917467,3.4393738384422,0.000297029702970297,0.0297029702970297
D6Mit74,BV.CORTICAL,-0.405333852501146,0.118175694428476,3.42992570901681,0.000396039603960396,0.0396039603960396
D3Mit230,D3Mit258,-1.58238338415277,0.462092156067323,3.42438919028574,0,< 0.00323
D8Mit292,BV.CORTICAL,0.476494523023794,0.139173295209695,3.42374966624058,0.000429042904290429,0.0429042904290429
D18Mit64,D18Mit9,-0.725901255907834,0.212184162936638,3.42109065003405,0,< 0.00323
D16Mit60,C.Th,0.334335693670099,0.0978842437967544,3.41562319635742,0.000231023102310231,0.0231023102310231
D16Mit60,D10MIT96,-0.919581864395195,0.269817695204,3.40815995666974,0,< 0.00323
D7Mit228,D5MIT88,-0.865985344654694,0.254346495339771,3.4047465191052,0,< 0.00323
D11Mit214,BMD.g.cm2,-0.38864594798099,0.114174935962062,3.40395153022138,0.000495049504950495,0.0495049504950495
D4Mit15,D2Mit395,-0.722405249632135,0.212451237082582,3.40033439933009,0,< 0.00323
D18Mit147,D3Mit19,-1.54004847297393,0.45365315162205,3.39477080114497,0,< 0.00323
D2MIT285,BMD.g.cm2,0.377892178139947,0.111468648927449,3.39012073597397,0.000495049504950495,0.0495049504950495
D11Mit188,BMD.g.cm2,0.385123901346784,0.113642268761253,3.38891422658832,0.000495049504950495,0.0495049504950495
D9Mit1006,D19Mit68,-0.807513667997483,0.23845028970942,3.38650738894692,0,< 0.00323
D1Mit14,ROI.L2.4.BMD,0.404399270199399,0.119467366586496,3.38501870221277,0.000462046204620462,0.0462046204620462
D1Mit14,D10Mit77,-1.27045655631011,0.375668488171303,3.38185553569983,0,< 0.00323
D9Mit259,C.Th,-0.417474347741746,0.123521644433828,3.3797667579255,0.000231023102310231,0.0231023102310231
D3MIT178,D5MIT88,-1.04180151808188,0.309126669567207,3.37014441212871,0,< 0.00323
D1Mit540,ROI.L2.4.BMD,0.423156829486228,0.125833200945785,3.36283926901409,0.000495049504950495,0.0495049504950495
D9Mit1001,D19Mit68,-0.858468328930026,0.255314720590162,3.36239260684096,0,< 0.00323
D9Mit259,D11Mit213,-0.638134592456732,0.189861340417255,3.36105597408253,0,< 0.00323
D12Mit60,C.Th,0.407600033616397,0.121302456804989,3.36019602860701,0.000264026402640264,0.0258745874587459
D15Mit67,D7Mit332,-1.42671378521256,0.424989270721028,3.35705836241941,0,< 0.00323
D11Mit2,D2MIT206,-0.822537559959416,0.245218099560834,3.35431014852702,0,< 0.00323
D17MIT175,D4MIT104,-1.0246167936536,0.305505558413537,3.35384010351347,0,< 0.00323
D14Mit5,D17Mit76,-0.701170250840761,0.209219589397481,3.35136041926102,0,< 0.00323
D1Mit540,D1Mit14,-0.90974665532768,0.271851051969765,3.34648936885063,0,< 0.00323
D12Mit169,D5Mit146,-1.1087079661767,0.332756436588828,3.33189036865028,0,< 0.00323
D2MIT113,cort.thick,0.372118034532004,0.112182122646916,3.31708854986828,0.000495049504950495,0.0495049504950495
D5Mit146,C.Th,0.337003751508876,0.101649587973936,3.31534793427089,0.000264026402640264,0.0264026402640264
D18Mit147,D2MIT206,-1.03644632303329,0.312923833167674,3.31213609568029,0,< 0.00323
D10MIT96,D6Mit14,-1.2729534536223,0.38690929441888,3.29005653775835,0,< 0.00323
D9Mit12,C.Th,-0.387866118593294,0.117919570730048,3.28924296613351,0.000297029702970297,0.0297029702970297
D9Mit1001,C.Th,0.382902085485363,0.116415661235434,3.28909428011579,0.000297029702970297,0.0297029702970297
D14Mit98,D10Mit126,-0.888441305207341,0.270292538764464,3.28696200519815,0,< 0.00323
D19Mit40,C.Th,-0.364109384073697,0.110778707018869,3.28681742071315,0.000297029702970297,0.0294059405940594
D12Mit201,C.Th,0.373218662787522,0.113691055281261,3.28274429210121,0.000297029702970297,0.0291089108910891
D4Mit170,D14MIT60,-0.601460223476965,0.183241433923159,3.28233746374842,0,< 0.00323
D9Mit90,D19Mit68,-0.839889804051937,0.256156928640893,3.27880962856711,0,< 0.00323
D12Mit169,D6Mit74,-0.969070830906921,0.297675419981204,3.25546137120798,0,< 0.00323
D15Mit242,D3Mit19,-1.16246004238894,0.357794298763466,3.24896189348572,0,< 0.00323
D11Mit213,D1Mit17,-0.556981919296663,0.171682439602353,3.24425678355184,0,< 0.00323
D13Mit88,D12Mit60,-0.899088718929858,0.277533298139268,3.23957062074292,0,< 0.00323
D12Mit169,D2Mit395,-0.7789297385638,0.240722208281514,3.23580339398048,0,< 0.00323
D8Mit200,D13Mit16,-0.543567070626648,0.168586397385249,3.2242641106121,0,< 0.00323
D5MIT88,C.Th,0.382550747711941,0.119037420043619,3.21370160384661,0.000462046204620462,0.0462046204620462
D1Mit386,D8Mit92,-0.736598447345074,0.229368527977191,3.2114189938836,0,< 0.00323
D10MIT96,D6Mit86,-1.04486612097371,0.325575925611298,3.20928557297927,0,< 0.00323
D8Mit92,D9Mit12,-0.581808088781311,0.181294481326172,3.20918808187308,0,< 0.00323
D9Mit1006,D11Mit213,-0.602165802654434,0.188166567109147,3.20017424936675,0,< 0.00323
D2Mit323,D6Mit74,-0.902883295328339,0.283344976315171,3.18651598157872,0,< 0.00323
D10Mit14,D6Mit14,-0.933939342309521,0.294121942655176,3.17534738781614,0,< 0.00323
D8Mit200,D17Mit164,-0.603727708087162,0.190603624241458,3.16745135613138,0,< 0.00323
D12Mit169,D11Mit214,-1.60245454830803,0.505969633961679,3.16709628552411,0,< 0.00323
D4Mit111,D13Mit88,-0.555509046218485,0.176189363274311,3.15290909675182,0,< 0.00323
D9Mit12,D11Mit213,-0.72579845615373,0.230260869048724,3.15207034157484,0,< 0.00323
D17Mit20,D5Mit146,-1.10415125193122,0.350594400470378,3.1493693294868,0,< 0.00323
D18Mit64,D2Mit365,-0.824626335360964,0.261916067654288,3.14843737059085,0,< 0.00323
D11Mit213,D7Mit259,-1.04753955219334,0.334769481476942,3.12913694394061,0,< 0.00323
D1Mit540,D19MIT17,-1.00247325297698,0.320692604576254,3.12596311443349,0,< 0.00323
D11Mit213,D7MIT7,-0.847800466458545,0.271396899005594,3.12383991698104,0,< 0.00323
D3MIT178,D6Mit52,-1.19582862048908,0.383014596161392,3.12214895326126,0,< 0.00323
D5Mit200,D3MIT131,-0.625934982671941,0.200934509692348,3.11511936715257,0,< 0.00323
D14Mit68,D7Mit332,-1.4079071205585,0.452075071623177,3.11432151191926,0,< 0.00323
D12Mit169,D2MIT206,-0.709713543331453,0.2278948234777,3.11421528800499,0,< 0.00323
sex,pctFat,1.07039189584152,0.0730416090219417,14.6545497857252,0,< 0.00323
sex,body.weight,0.978691259884786,0.073382663918148,13.3368183659349,0,< 0.00323
D1Mit14,BV.TV,0.856440925184845,0.08412185045378,10.1809567973711,0,< 0.00323
D1Mit540,BV.TV,0.846744336483936,0.0843575238564931,10.0375674601876,0,< 0.00323
D4Mit15,sex,0.285971143200938,0.17080893064329,1.67421657710713,0,< 0.00323
D2MIT206,D1Mit14,0.344659037112439,0.233183004358681,1.47806242594888,0,< 0.00323
D19MIT17,D18Mit123,0.677912703272923,0.476279302485957,1.42335117174845,0,< 0.00323
D1Mit540,sex,0.199917418317804,0.149686565914768,1.33557355061266,0,< 0.00323
D18Mit9,D1Mit540,1.14665060569981,0.887436038968695,1.29209380208668,0,< 0.00323
D12Mit169,D17MIT175,0.477172465912789,0.394129447188489,1.21069985842643,0,< 0.00323
D12Mit60,sex,0.197798507149368,0.172818293844781,1.14454611690024,0,< 0.00323
D19MIT108,D4Mit170,0.321489804906577,0.286110304387071,1.12365685533521,0,< 0.00323
D12Mit169,D17Mit20,0.486355345277433,0.44460301921317,1.09390922746803,0,< 0.00323
D10Mit126,sex,0.142458902432783,0.132335224116079,1.07650025444339,0,< 0.00323
D13Mit88,D4Mit170,0.443374877912368,0.419997422358039,1.05566095006745,0,< 0.00323
sex,D9Mit1006,0.530732616492487,0.506819861746913,1.04718196059474,0,< 0.00323
D17Mit76,D1Mit540,0.628687192737516,0.601972799360722,1.04437807390162,0,< 0.00323
D19MIT108,D3MIT131,0.729288175024203,0.718244122474698,1.01537646073796,0,< 0.00323
D8MIT75,D1Mit540,0.249802612866932,0.24814508565351,1.00667966971442,0,< 0.00323
D14MIT60,D8Mit292,0.792294482473612,0.790277080455018,1.00255277809326,0,< 0.00323
D8Mit92,D4Mit15,0.313786673805306,0.316697058697659,0.990810192856476,0,< 0.00323
D17Mit164,D1Mit540,0.322125578165098,0.332809802685664,0.967896905576856,0,< 0.00323
D7Mit228,sex,1.07604194660033,1.12145780144163,0.959502841049461,0,< 0.00323
D11Mit2,D4Mit15,0.729755394384886,0.767418427109443,0.950922428503029,0,< 0.00323
D12Mit201,sex,0.130107472965489,0.136979999229149,0.949828250092462,0,< 0.00323
D5MIT88,D10Mit14,1.23968109490127,1.3085963791685,0.947336485593041,0,< 0.00323
D19MIT108,D4Mit15,0.3181248022845,0.335946066448411,0.946952008242526,0,< 0.00323
D8MIT75,D1Mit17,0.403771226344463,0.428908550387134,0.941392345711035,0,< 0.00323
sex,D10Mit77,0.572129570909657,0.61219316068506,0.934557273180624,0,< 0.00323
D14Mit75,D8MIT75,0.389044390274272,0.419426325118313,0.927563118897053,0,< 0.00323
D3Mit57,D11MIT30,0.546015661424108,0.597143639663389,0.914379096010966,0,< 0.00323
D18Mit64,D17MIT175,0.40290014479541,0.441053312859597,0.913495337294217,0,< 0.00323
D14Mit98,D11Mit213,0.521012714316738,0.573079322508899,0.909145896305912,0,< 0.00323
D11Mit213,D4Mit170,0.275731431058664,0.303924094426168,0.907237814031381,0,< 0.00323
D1Mit386,D14Mit68,0.604113352553016,0.669335342947578,0.902557079822885,0,< 0.00323
D19MIT108,D15MIT80,1.75168193515735,1.9440639469693,0.9010413149671,0,< 0.00323
D1Mit14,D8MIT75,0.317910808990815,0.355462568653723,0.894358047866667,0,< 0.00323
D3Mit258,D17MIT175,0.511352697108249,0.573999127307514,0.890859711767988,0,< 0.00323
D2MIT206,D1Mit540,0.184823252837015,0.209696434070045,0.88138481541979,0,< 0.00323
D3Mit19,D13Mit16,0.581963577437347,0.662581543036811,0.878327480675107,0,< 0.00323
D19MIT108,D3Mit57,0.78586108958699,0.894964385916919,0.878092024613751,0,< 0.00323
D14Mit68,D1Mit540,0.214068977445934,0.244227430329918,0.876514882692564,0,< 0.00323
D8Mit92,D1Mit540,0.335836448070763,0.383369272073667,0.876012952874924,0,< 0.00323
D5Mit143,D18Mit123,0.884763572633809,1.01511845434056,0.871586531454173,0,< 0.00323
D14Mit68,D1Mit14,0.302751951332279,0.347421407021282,0.871425724534392,0,< 0.00323
D14Mit68,D18Mit123,0.394035148897481,0.454442255143544,0.867074186956971,0,< 0.00323
D13Mit88,D4Mit15,0.843540740211008,0.977126184203744,0.863287417579957,0,< 0.00323
D14Mit68,D11Mit213,0.543766948914732,0.630856775296149,0.861949923038341,0,< 0.00323
D4Mit111,sex,0.132587404413852,0.156601188030895,0.846656440356599,0,< 0.00323
D13Mit16,D4Mit170,0.20635145376586,0.24451057188688,0.843936735223564,0,< 0.00323
D1Mit236,D3MIT178,0.681485393821781,0.810515119682526,0.840805282063973,0,< 0.00323
D12Mit5,D17Mit164,1.11191322550517,1.32322861297121,0.840303190699948,0,< 0.00323
D3Mit19,D19Mit40,1.59216157281087,1.89796790107007,0.838876975692376,0,< 0.00323
D17MIT175,D1Mit540,0.316331395902131,0.380850075985414,0.830592970432403,0,< 0.00323
D1Mit17,D14Mit5,0.391980920269095,0.472384631904982,0.82979185560791,0,< 0.00323
D11Mit214,D14MIT60,0.619397637045184,0.749017513212785,0.826946801802246,0,< 0.00323
D8Mit200,D4Mit170,0.22205842116605,0.271054495677696,0.819239026494856,0,< 0.00323
D7Mit332,D12Mit201,1.54948828703577,1.89184860970463,0.819033975069331,0,< 0.00323
D4Mit170,D11MIT30,0.475459241887496,0.58152365155156,0.817609465442937,0,< 0.00323
D3Mit230,D13Mit88,0.635316090224091,0.780202723856828,0.814296170466428,0,< 0.00323
D19MIT108,D3Mit60,1.35038481950711,1.68038515231754,0.803616252883866,0,< 0.00323
D16Mit60,D4Mit42,0.263505823478405,0.327967740308804,0.803450434577183,0,< 0.00323
D3Mit230,D13Mit16,0.599181793030379,0.746418520340074,0.802742398135281,0,< 0.00323
D9Mit1006,D8MIT75,0.661879535797047,0.827495199378389,0.799859064190643,0,< 0.00323
D8MIT75,D4Mit42,0.389018891013245,0.48993165800673,0.794026849777284,0,< 0.00323
D3Mit230,D17Mit20,0.371086562071709,0.468812529894418,0.791545742506674,0,< 0.00323
D12Mit201,D10Mit14,1.34523245301819,1.70592572741891,0.788564491054104,0,< 0.00323
D12Mit169,D17Mit164,0.591472478050608,0.752692682696981,0.785808725988004,0,< 0.00323
D2Mit365,D11Mit213,0.395598788958723,0.503960614761447,0.784979574536756,0,< 0.00323
D17Mit20,D1Mit540,0.38617049225324,0.492575996076302,0.783981548693697,0,< 0.00323
D19MIT108,D15Mit242,0.802394275555723,1.02408188482568,0.783525504596059,0,< 0.00323
D1Mit7,sex,0.105120440579018,0.134462094299561,0.781784941894673,0,< 0.00323
D12Mit169,D9Mit1006,1.25820316983126,1.61025011676663,0.781371264457797,0,< 0.00323
D7Mit228,D18Mit123,0.451057172157555,0.577453105010801,0.78111480957249,0,< 0.00323
D2Mit395,D1Mit386,0.530284482430972,0.679358302902308,0.780566720338188,0,< 0.00323
D6Mit74,D18Mit147,0.328745493591145,0.421790531080054,0.779404631842601,0,< 0.00323
D18Mit123,D1Mit540,0.278089132946627,0.358674813355774,0.775323838172009,0,< 0.00323
D3Mit57,D17Mit164,0.750905675895557,0.969222358586591,0.774750674335038,0,< 0.00323
D19MIT108,D18Mit123,0.485639710116595,0.627194472216822,0.774304831482488,0,< 0.00323
D9Mit253,D8MIT75,0.537360830832042,0.694997781672697,0.773183519433315,0,< 0.00323
D17Mit39,D1Mit540,0.388200984710507,0.503232949885602,0.771414083276454,0,< 0.00323
D4Mit42,D11MIT30,0.334842858978502,0.435060309663363,0.769646992706813,0,< 0.00323
D18Mit147,sex,0.0914078261334752,0.118849404713822,0.769106301824368,0,< 0.00323
D12Mit169,sex,0.138655415200924,0.18030270912387,0.769014597033402,0,< 0.00323
